AUTORES_idAutor,ARTICULOS_CLAVE_ART
2275,1858
1478,7701
1225,5040
1195,8315
2723,35
268,5417
2663,169
2446,2386
1233,4113
815,1385
1986,8292
2563,8569
37,2488
2647,3544
1763,6907
2399,6596
1788,4227
619,9444
1952,10751
1219,5504
1556,4106
1048,9069
1434,5806
1941,9286
1931,4168
257,8395
2235,8716
968,7211
1422,6627
329,7224
881,1550
2404,2523
2835,989
629,282
893,10420
1590,5164
669,8460
2157,9412
2263,948
750,2679
1356,5347
1745,7145
2643,8524
1874,843
2188,4453
1231,10307
2557,3761
2353,5163
840,9604
2409,10693
2621,2470
2192,1539
1037,992
2888,2181
824,2052
353,5850
2004,7503
2927,6202
2550,8430
2739,8366
1562,8969
484,5902
1270,8797
103,5981
228,5158
2549,1910
930,1000
2803,4944
1764,2394
2808,10014
571,5268
2446,10830
2826,3881
2609,5115
792,1480
2159,10248
1461,5776
280,7721
2747,10943
340,10475
1861,462
940,1580
2015,4312
2137,5241
914,130
81,1324
1865,8754
1347,7825
1424,7291
605,10406
932,8549
2396,7158
2614,10764
1465,647
2771,6052
2864,9663
2088,1794
586,6865
2779,9030
2251,280
1857,2864
2364,2143
2766,8044
2960,4877
422,7144
1381,3285
1336,1822
2166,3969
1156,6321
2929,1218
1308,5106
1304,8370
1436,7543
1634,10002
2468,7690
1713,6094
2573,802
1580,2303
1222,2595
2818,8971
757,6696
145,2382
1537,2872
909,5518
2272,10151
120,110
1663,2422
2112,6486
1720,1946
816,4657
1366,1125
590,7054
2157,10285
1253,201
1739,94
890,9948
2765,6354
2034,3920
1361,9304
1187,9151
2233,5032
2081,9593
1396,8507
564,7159
1810,7329
312,10092
1232,155
691,9859
6,4801
1229,6236
2134,2178
2617,5035
1212,5774
809,8804
2032,9714
1745,4059
945,3215
834,2566
2422,716
1584,5538
1652,3198
2452,1790
217,10447
2397,9475
1767,9308
2364,896
1326,7579
92,10452
2726,1248
1294,8041
356,7492
1119,10669
623,10761
552,8077
2978,2408
2714,10700
1874,6522
1659,181
2579,6045
706,2515
1592,10744
224,3000
2632,1855
505,1478
16,9652
2617,8902
480,3865
2863,3710
1429,5209
2103,3204
1547,5201
1929,6700
1683,6001
2464,5583
2992,3487
497,3172
2924,4255
1066,848
2200,4197
496,6101
1934,4721
1777,8938
2457,1234
423,45
2158,10966
461,8150
2667,4198
362,2960
1136,4569
64,7467
1597,726
3000,9447
2507,10746
1023,9243
770,395
1711,7779
2361,8534
948,4760
96,5712
2169,7546
2107,6439
460,2727
558,4016
1943,4759
827,10068
1151,100
1544,8433
2248,4348
2841,5091
265,9806
1149,9072
2437,8650
1501,8965
2433,8945
1843,5467
2916,9587
2964,8352
2893,7883
1269,8615
11,9108
2034,6432
2380,2410
2450,668
2130,9065
146,9683
2271,373
2981,10857
2727,8237
2032,1030
156,198
2497,10929
2024,1849
2576,8714
2113,2537
924,191
1774,8440
766,248
895,658
2483,40
2551,440
1862,5291
2321,5576
2971,8839
533,4857
2133,1849
1458,6635
1799,2498
949,7431
816,3115
1783,4890
506,7090
2281,10728
2699,6057
2914,5982
216,612
2437,8797
1867,4480
714,8473
628,4757
850,1423
1682,6649
1683,3841
922,8358
1572,5959
2110,121
1509,2412
445,10355
2386,5021
877,3754
2960,8033
678,10189
1148,312
1177,3228
2085,9230
2587,8165
136,457
918,4401
2898,7276
171,4652
2349,5785
1139,9244
891,4941
1414,552
1995,8411
1771,9686
458,9260
1597,5103
77,7582
2708,884
1794,7374
2802,4949
2571,6248
1635,6563
2922,1338
2920,474
1513,8788
759,6111
1612,6781
1944,7025
2001,3358
1677,8896
2718,4433
1121,10893
2996,3623
2458,10629
880,10952
1906,3471
1682,3763
2079,9815
825,170
678,9505
1524,3820
5,6029
2773,60
2052,1724
1724,10526
1982,2419
8,527
963,750
620,3794
248,6137
96,7995
2195,6849
1539,7447
801,3317
82,2169
1222,1095
86,10919
1162,815
809,3437
1154,1634
79,6715
2693,1999
2428,2482
877,9620
939,4082
483,9400
2461,2780
828,6136
2557,7214
228,9295
2499,8441
401,4793
2803,6866
1368,4316
1584,7058
209,1590
2399,10425
1010,821
91,4981
2064,8863
343,10157
2614,9532
1468,3850
1825,5585
1154,3165
32,2307
1811,8161
166,5276
1609,8175
359,6839
1380,246
271,10173
1773,9037
145,5338
1320,875
1175,8593
2634,8090
1392,10513
2310,8380
1326,5729
50,4404
804,1897
1693,10626
154,8433
2311,6474
58,9139
1397,2118
1111,10163
1790,4035
1055,3815
1493,5209
332,747
1382,5149
2414,7282
2352,3923
1742,7118
197,5891
1850,4436
1618,666
2,1222
208,5757
2215,8469
2382,5199
2298,7191
2256,9180
2259,3974
2465,10458
1973,1365
2898,9788
111,6884
2988,7237
2108,10342
905,8327
1192,3136
845,7229
2044,7553
1157,9716
2303,4515
2718,300
1843,5698
2220,1255
344,652
187,9107
2110,10364
2844,4438
2541,2185
2486,4235
2589,950
2735,9406
2971,1015
226,6187
1810,8796
2164,5352
377,3057
2918,4279
2782,3186
2000,447
1659,6533
1629,4412
1768,4490
297,9342
1037,3453
2842,1372
646,1353
21,7717
1554,10775
1351,9921
544,10875
2318,1079
105,5092
1256,4436
1013,7418
605,719
2769,10585
1315,7002
2516,5938
346,5154
1165,4025
1163,9348
722,7885
2119,10668
672,1648
575,10346
2486,9149
2301,10830
882,1377
1917,9672
2591,5186
761,2484
45,5054
1411,122
1347,10983
1916,2509
696,5280
1542,8189
2483,6003
1063,6205
2578,10441
1437,1464
1927,5263
261,5702
679,6215
1685,1714
370,5874
1459,6326
19,3846
24,6176
1337,1381
963,10067
1513,5744
654,1095
1262,7330
196,3371
2642,2747
818,385
1493,5169
1398,6329
1408,10952
2791,7421
413,1504
1135,4643
572,9670
1752,1838
972,10543
729,4894
1370,10818
2740,5133
922,10133
376,8913
1850,4746
2531,6127
1826,1908
2463,10867
2158,6030
33,2279
1604,31
1169,8670
2145,2829
902,10312
1874,9425
704,5372
2180,4513
679,1343
400,6129
1382,7916
1187,5196
1326,10495
534,7526
2251,5332
1008,471
2146,4986
2328,7622
1317,9978
1119,5304
967,5435
1483,2319
461,5334
276,2814
1465,2450
864,8168
2958,5924
657,5623
1784,10797
247,5496
1730,7528
1088,10276
1940,4894
2079,10422
1778,631
1824,9149
2228,7512
712,5037
1006,9456
510,887
2847,6214
1040,9454
1585,2343
2257,8105
2916,4772
1226,7594
2859,2023
1116,4982
2463,8210
1689,4386
2738,5934
2265,3270
747,426
155,2537
1968,7184
591,5282
1180,429
2272,398
274,7268
1913,7635
43,1922
37,2602
2556,1096
2123,3163
1837,10915
1786,6897
167,1032
1010,260
2827,10018
427,5537
67,9203
2751,8222
313,39
1648,1944
2711,7362
473,5131
1011,8190
784,2778
2168,4087
2596,4793
982,4227
2673,812
2081,900
107,6592
2206,6678
528,8571
2521,6726
71,1458
2875,7712
1034,7921
1817,2180
77,10806
2608,5382
2901,10330
2966,8244
182,7826
546,8746
740,2869
1844,10769
2529,7196
395,10270
1396,7869
2903,6885
1336,4593
764,166
330,2863
568,10090
2870,8778
218,9940
77,5800
1671,9134
2816,850
2103,7330
2387,8028
2550,3067
1901,6822
551,9749
637,367
2138,5459
120,1834
1790,3958
1985,9795
2302,871
469,904
998,6129
1272,2985
1593,10210
1748,2685
1791,6933
1742,9966
223,5988
1588,7247
2508,10896
316,968
477,10190
2858,3546
368,4807
1304,7195
2601,5876
512,3768
2466,9852
2758,6762
2972,9431
1005,8252
1376,10868
187,4587
2492,8979
2798,4296
2547,2499
726,10005
2216,938
1499,1526
2485,10373
1537,5201
2602,7511
1900,5024
1685,898
107,10606
1965,8122
1497,3587
1794,5500
1550,4645
397,5457
1732,10809
2654,10559
1546,8138
1656,5566
1919,18
1972,6031
1569,6321
2555,7291
122,2633
1761,3000
2325,7768
1566,546
667,8327
1383,5528
522,510
2738,2164
1671,1242
2311,7725
1053,2068
2765,5192
1025,5941
106,5900
2363,7592
2511,9705
1095,6414
1766,957
291,9100
1068,1558
739,10953
2296,8999
2544,2419
936,621
1991,28
645,3855
2489,5903
956,2027
1909,3113
288,7755
1958,7435
2894,4905
63,6361
582,6889
1234,8801
159,9452
2500,2884
1874,1964
2594,10884
1531,2793
1000,4554
1232,8095
2261,8496
772,8110
1579,1494
2508,6158
238,3221
2678,2368
2708,9077
1783,7272
1007,4836
1601,3094
800,7246
1497,4205
967,1007
1512,5008
273,5514
1217,5319
2707,2143
2428,6929
322,1471
2743,9421
2885,5569
2111,1745
1734,3744
233,10703
706,535
504,9705
93,3718
2691,1273
2281,7525
1951,1234
387,5104
1323,5314
1610,6539
1959,4478
462,10647
1744,4324
402,4180
2982,6791
2392,1327
1329,1601
860,6492
2405,3252
891,10006
1678,937
2048,2456
511,1090
1177,2348
1714,4273
501,264
167,7329
1861,8349
379,8905
2884,10662
1375,10590
2672,8039
1646,7414
1906,6550
328,2672
134,10013
2123,1071
309,3598
1391,5323
1699,7425
2019,4397
2027,2760
801,5228
1004,10017
2308,9869
2411,9058
2773,9905
60,4964
2867,8291
2949,2402
958,5296
2197,1114
481,3681
2877,6471
1055,3953
1497,5991
1839,2951
2620,5502
624,8052
374,7877
1480,7744
462,9158
419,10508
2433,8012
2092,7719
365,2580
991,5486
1729,1251
1187,3146
1018,8329
2301,9290
1193,2439
1151,9087
2170,9480
1786,1906
2343,7193
1209,2797
2441,4052
1919,220
903,246
1642,7230
1764,2497
2446,2073
316,9467
1899,3072
1833,274
2917,4812
1525,2107
1372,6709
1517,711
1771,9195
2843,1076
331,1080
2743,9476
699,6845
2989,6499
1566,2266
2705,324
1221,4217
2502,7320
2669,1835
2691,1328
15,6334
698,2163
1441,1453
1585,2629
1098,9223
602,7070
1376,10628
259,8128
2415,5301
2616,107
1293,4214
2776,4297
1030,2757
2647,1150
1123,1938
1838,10551
1872,9115
2966,3495
101,8565
1463,10344
2471,6936
2588,6289
1316,2454
2556,6751
1014,840
2533,6767
2502,5239
2029,1343
1635,1187
2665,2456
1697,3233
864,5218
2082,6952
1098,137
2065,1121
2099,3923
272,7679
1724,3982
626,3710
2854,10851
535,4117
1132,4107
452,10498
2178,3923
2002,3172
1040,8719
861,6236
1365,3820
1380,9541
650,805
2866,6660
2730,3618
735,4821
509,9204
2234,4619
2173,10759
153,9276
1505,1440
2064,909
680,7221
1194,9428
2508,10456
2962,8411
188,1282
1777,4235
2945,2765
2747,5261
1332,9483
498,3164
1753,5046
1691,3939
887,8049
1441,9426
470,6485
1863,6611
516,2925
522,10553
2635,6373
1865,3422
374,9342
651,5715
117,826
1920,621
202,10992
1575,852
2256,3199
2408,7205
1694,7633
1706,2503
1908,8087
1378,4889
1187,7536
1367,10621
1651,5950
2430,5688
370,10926
326,10856
1341,1974
1814,171
1864,4903
2786,3643
2973,9885
969,8
254,3409
35,8734
389,9232
776,8180
1022,248
1977,700
1768,3744
1174,6240
460,8065
899,10586
2222,4301
542,671
1596,10928
2421,8338
1139,6259
829,9480
952,9587
749,2317
1304,7494
1307,7011
2652,4945
338,504
699,3893
1812,7183
599,4709
263,2316
822,2014
1784,8023
2061,424
1490,608
759,9663
485,6916
2637,10046
1314,3765
1590,6558
1688,9833
2656,7292
2241,2583
2604,2406
317,7224
1463,8439
2593,6714
2691,3048
1834,3656
149,4378
923,5987
240,709
1023,9722
2327,677
536,10277
1780,5648
2783,7080
2932,10852
1041,10678
1531,4126
1241,4552
2218,4046
1986,2491
2350,10581
1624,8491
2243,1595
457,427
2081,2435
502,9474
2945,7384
2186,5117
2413,2127
1449,4595
2748,4103
89,9012
2246,10537
1370,9146
334,3861
1756,7869
267,8237
300,1998
1112,893
2633,2022
1729,4770
992,8412
1601,7473
2695,8498
2683,2782
921,3284
2410,2364
2620,8095
1423,10032
312,961
661,849
1638,3046
1073,7704
1016,4460
114,1619
2064,7998
254,5571
2733,5878
496,9534
601,1185
1460,10220
519,10191
943,5500
1337,6622
1168,5618
579,3008
1829,10962
2333,6065
953,445
2828,8222
729,5692
938,5277
1492,2416
934,3357
2823,681
741,3945
1723,7947
443,87
2530,1102
1052,3349
1024,5465
1268,8077
2730,10023
2334,638
1208,7208
2860,9500
2502,2329
2641,7591
396,2203
1084,8727
944,6209
2462,9467
1576,972
2355,2925
911,9186
1692,10946
1857,204
17,1281
2613,187
80,7716
472,4305
1320,8078
2906,7350
1996,484
1875,10811
2630,7186
1159,8389
954,7691
1795,8307
59,10030
2681,3741
416,5837
1449,8838
1390,9426
1433,10062
388,4957
1934,8772
1823,1616
1528,10070
2127,270
191,7826
1595,446
887,6775
2666,6442
2022,1910
1001,6059
1148,8738
1692,2449
1743,7864
329,6834
962,10682
2323,976
2654,3476
2828,1148
697,5954
2987,5342
585,6652
1748,7053
2228,4243
1503,7222
1699,8100
2476,9189
1215,1342
2283,5347
1445,6234
1981,5719
1616,868
360,8146
974,1135
1937,5878
1894,2798
2174,3081
897,5318
2153,3961
556,5025
643,6899
2000,6348
1785,2747
1062,5799
895,9594
2989,1200
1452,10680
98,8267
1538,3284
411,96
2439,2719
1551,3748
2478,5828
2896,10542
2500,9559
1767,2326
746,8424
2033,230
1172,6317
19,6109
2763,3489
1465,8296
605,1022
2289,1095
1946,4893
1156,10924
2071,9503
985,8827
2807,6124
2,399
2183,9680
1309,6672
1854,2042
331,6990
1633,8230
1972,5969
2039,2990
2572,1275
1830,6788
2317,4203
1838,8635
2595,10792
1172,8774
2765,2084
2908,4378
1798,2820
2503,8988
1543,5977
2019,7892
2731,4422
1172,7727
1660,8713
484,10773
297,101
2865,10545
2328,1938
1944,5210
1431,1427
2437,10741
2418,4083
761,6062
1072,6449
537,2907
1770,2061
2341,2816
1243,3069
1370,8543
1511,6267
2063,7009
2892,10503
1589,4874
2358,10340
2530,244
1286,2658
146,5358
807,408
939,2025
450,9970
2983,2175
1723,8257
906,1619
1030,1914
206,713
1093,7861
824,5192
2971,8473
142,2620
2721,10513
2494,2886
2287,7777
453,1758
2323,3004
2335,1294
35,6550
1079,5310
2747,2406
1483,8554
896,4785
2470,327
336,1415
230,5900
2249,7683
1347,7811
1815,2732
2780,10059
1363,8987
2208,2663
396,9989
250,72
2032,9082
1399,2790
2154,1380
741,4510
2499,102
200,2880
917,5904
2856,2820
1295,5298
2501,148
300,6201
601,3160
625,3517
2598,7665
2434,8725
328,4462
407,9710
2889,3118
776,9055
236,3183
2089,2045
1407,10090
68,566
1184,3107
1619,5250
748,6189
1866,10725
622,6494
2860,7153
2583,9090
57,10657
2831,3190
2765,9481
1485,1355
709,3120
146,4929
1775,8513
250,6972
721,7789
2641,10613
1092,3531
2208,8516
1862,4617
273,7225
1352,3054
964,4635
2607,2226
1811,77
1081,4173
1863,6360
556,7442
2368,2102
136,6065
1006,5921
2051,5778
1451,3827
681,4818
2961,7985
2011,7547
2145,6086
2559,10799
2038,7192
2020,4105
1825,9528
1427,1790
2414,2460
2506,3217
427,10162
2063,4862
1166,8515
2286,8546
1295,9191
771,6710
1659,3200
977,7044
1352,4706
2783,10291
2932,9862
1781,1850
2969,10158
2771,8187
2254,3467
1208,5371
2527,8995
2068,8215
1742,6510
2427,2900
288,1466
1010,6066
1882,8964
1908,3769
875,5841
634,7701
1616,7273
2681,7368
1045,1822
2741,7382
2668,10287
254,4447
2742,4345
203,954
2193,8718
964,7239
527,3414
1830,6306
2370,5762
1031,4152
1385,9568
131,2138
2261,4543
311,8377
1959,4592
1497,10159
809,8361
76,4538
1635,1004
2376,2436
101,10718
1411,9863
1015,478
1923,4790
2568,2727
602,7371
1123,6548
1625,3039
1543,8073
2429,5951
66,5526
1275,3828
2187,6310
2627,4596
1426,5165
1625,10744
99,10025
1735,10350
42,5290
1926,9652
2266,10740
1921,8756
2516,3223
2317,5494
2938,1869
420,3785
2640,4686
2993,5713
419,4085
1783,6728
2997,1173
2871,2754
2734,1702
1194,1085
1855,3719
979,4314
421,8453
2317,5965
1112,9273
2786,4494
1010,4832
2098,8028
1394,1496
1249,6511
2327,10480
1296,1109
2438,899
430,4085
2246,7266
1402,10782
764,4375
2400,6915
381,4048
2698,3576
389,1465
29,5094
2394,1852
2879,618
2488,9135
1899,3078
2040,48
1346,4097
2505,8486
1056,9448
2512,4998
1400,8763
674,257
1917,6286
928,1305
2822,2191
1141,6782
397,7304
1382,4141
640,9654
2324,9498
2720,867
2363,6982
354,8021
397,2995
2612,223
1305,7950
1028,2946
1504,7113
1499,353
2144,9688
2037,7347
2243,7452
2842,3839
1334,3403
931,10634
1302,189
2678,4081
962,4699
1934,1863
948,2586
690,2025
1710,7073
2732,5778
2983,3145
1460,1943
1320,1411
787,10481
2687,4436
2776,5942
1511,9465
2925,7233
1872,2008
967,3888
605,8905
2133,6775
1398,6555
1578,5210
2521,5608
344,10032
1586,7545
619,5770
414,4880
887,4538
1847,3119
2137,10277
2405,414
1656,2770
1270,5215
1834,2547
2308,3864
2621,2634
2317,4623
2748,7061
1256,7387
1000,3260
2739,5255
2033,10462
2503,9179
1673,7446
1301,7803
1904,5329
1026,7046
451,8801
1838,2531
1781,5932
2152,10534
1782,384
1604,3761
2054,10642
2749,9706
1732,1731
1181,9027
1243,3489
1143,1861
1811,6161
503,10280
439,8804
64,9186
425,6425
613,7415
241,9758
2562,6739
1270,222
1283,6836
1931,9501
2215,629
60,4583
1292,654
474,3176
777,4382
2298,8921
1162,4681
2732,8853
2277,8983
2628,8503
1160,5022
1679,5587
2971,10303
2139,6245
2041,1509
1445,8574
228,4180
554,5333
103,2428
2852,8783
1078,7999
2392,396
917,6324
1499,4730
1925,7053
562,2834
2322,1505
2871,515
2523,9631
96,331
2221,406
1419,5151
2859,6584
2355,406
724,2374
1767,10035
1388,2768
586,1097
2815,6928
211,7343
512,8503
536,6874
2389,4541
28,1974
1944,892
434,1386
1925,10449
1753,2758
1541,7305
283,6586
1389,10883
1329,215
2169,1131
1713,2083
1003,1398
932,10499
476,4069
341,7816
55,10347
1398,10127
2489,5027
334,4780
1965,1314
332,1472
1035,4598
2521,8133
2851,4561
1363,1165
2579,6088
2653,8023
2173,216
2883,8714
1138,4430
1577,5820
482,9000
2,4162
2481,1766
2152,3247
689,2096
2657,1433
1481,5708
1505,10266
2429,2249
612,5030
2972,3925
348,9121
2841,207
2865,1355
2637,10765
1764,2505
2271,5985
2336,6343
981,295
2240,7803
1041,309
2811,2408
607,3760
283,9298
288,5966
2060,8101
468,4850
816,2298
269,2425
2790,1423
1042,3809
2261,5768
1199,7176
2073,7932
1022,3342
1536,5778
388,6439
731,6778
235,8560
28,7035
1738,10049
1545,3733
1201,3923
1787,7467
2854,4188
2681,3479
1862,5776
453,5642
1038,2360
1533,4554
698,1474
1613,3759
554,7387
745,1734
1967,7640
646,1728
1754,8057
1838,6479
954,797
2851,3903
1710,4981
1379,7096
1691,10337
681,1318
310,7232
912,9552
263,9143
1440,1306
1223,2540
1696,2989
1138,8323
1494,7958
176,1038
1958,4386
1820,10343
642,279
42,6407
2408,4622
861,4258
2941,9286
2712,9463
604,9557
2438,6191
2075,3924
2112,9175
2507,2534
1479,3489
2496,655
1444,3010
1728,554
2426,4797
2451,8991
1839,799
705,1624
1092,8449
2690,2628
1012,7931
1979,2536
158,4609
2919,7295
2759,5845
2947,10511
419,9753
439,8685
2382,2367
896,3676
1976,8738
2444,10829
1421,7698
1959,8542
2748,6487
1664,6638
1497,1277
1839,4195
2600,9477
2400,3939
1608,7911
656,5249
133,7194
274,488
1791,5817
853,7483
2319,5936
2078,6813
792,7015
2378,8502
1151,1929
1025,9926
173,10878
1651,1986
2179,4357
632,4747
2738,8027
1999,2440
2585,3998
926,3689
1657,8863
2584,8728
2529,4591
2775,8030
2367,3775
1617,5263
2909,1614
1506,9862
2772,9193
126,2027
248,1495
775,10286
2893,34
1626,6894
1280,8472
224,91
1380,8181
829,3877
135,10370
281,8209
2094,8167
1867,4778
975,9529
416,3415
1434,2644
1415,4388
527,3660
1725,8980
996,2189
701,7196
1281,3341
2747,2962
515,4710
399,10951
143,2623
2373,1179
1772,5914
2522,750
2336,3512
2126,521
203,1563
2221,9160
946,7040
144,8567
2181,5560
2752,4366
1783,6719
1079,10767
1774,9114
2211,8886
1889,6849
545,9850
524,6758
118,3855
2582,2642
2549,479
2046,4325
2287,6602
2311,314
1980,2924
2534,8465
1701,5458
2931,702
1353,1779
2488,10978
2944,3381
679,7921
876,3776
2400,10047
2118,2484
1615,4115
2721,6197
1962,1190
1819,9772
931,4880
1946,953
2629,4393
2404,7429
458,6538
2129,27
284,9391
2065,500
2801,6018
325,7177
755,1284
175,709
2950,5508
904,818
2106,8795
2266,2368
244,10113
1066,10679
2179,9539
1818,3898
183,3458
2727,10576
2484,2941
2401,3172
2994,7887
602,7993
691,5032
1532,3662
2650,4815
2193,10763
1400,8875
2974,8847
1279,4384
43,8379
2858,10069
2512,801
1961,3142
2452,3379
948,241
765,9653
2384,4184
111,6685
2217,1563
1537,4019
1545,1399
2967,5932
955,3519
2922,39
1080,10869
727,9290
147,8678
2704,8447
1499,1404
562,3709
2566,7170
2404,4893
1965,6014
942,668
2781,8034
380,6563
2282,7532
2125,7585
2586,6711
2890,9603
822,2185
1461,9756
2925,7345
1324,10690
978,7801
1177,2534
1218,6736
502,2853
1422,7963
2795,3973
546,3081
2142,3041
172,7529
2472,5427
961,5511
2794,6875
1601,9254
429,4832
2814,8924
2236,8947
2816,3106
1014,10891
1287,9966
1891,4519
707,9162
1285,4709
2702,9393
2743,7179
1965,4404
437,2104
1354,6236
1523,4702
1760,3891
2816,8596
206,9526
1309,7109
1749,4412
2666,8544
114,4689
1480,3729
938,9044
2057,4649
2881,3635
1315,3783
898,4663
833,2053
2618,6379
2220,9258
1702,8329
1318,1987
2385,4343
2264,8483
1994,10608
1786,3260
1882,7923
2969,2822
2886,7483
1914,7875
790,10583
227,9948
1111,6999
226,9989
1248,5247
1206,5021
1610,7585
2581,1077
2262,7632
2489,10829
2866,8564
842,9295
456,2843
932,8959
813,7547
1966,5540
2454,10956
1420,5781
56,3663
1143,5732
102,7980
2273,10386
2254,5943
1916,2915
2091,7871
2048,9221
2853,10143
2168,921
1203,535
346,1143
1228,3975
374,8789
40,9438
1605,3403
1684,9883
2329,4666
701,5922
2383,7117
2063,1514
2920,9042
282,5938
2085,5208
192,3012
2562,8287
2195,10974
647,4989
2440,7772
1920,10217
2617,2975
1858,4155
2642,10616
2866,1464
2365,7369
482,3609
941,3894
2281,3928
1771,8818
1640,5100
224,8979
1343,4584
1955,5377
885,3477
76,7014
2283,7128
1126,799
1641,6614
1390,2831
636,10505
1085,8382
171,8456
2812,4624
1876,738
1101,4125
163,3842
1278,1314
490,3742
2920,9526
1676,7739
363,3378
135,5850
2327,3949
306,6671
491,1469
2975,6321
2842,315
1723,7339
2285,626
1243,5884
2590,1905
908,4093
2203,2664
2984,1014
1179,4852
2410,3408
2045,10894
1474,1508
252,1429
1203,2442
2791,3773
658,10455
154,8478
1121,5261
2733,3539
1726,5371
2487,9899
1489,705
2213,1968
1939,1399
1106,4616
1904,395
1618,8174
1912,4191
2394,6180
1595,54
889,5261
1906,175
1322,10741
2550,10076
2206,1110
1868,5023
739,7424
240,3539
1728,6706
1910,3219
2154,1630
516,441
1651,7654
2052,3797
2755,2493
1247,8244
2823,2893
1226,3462
2404,7110
666,5754
2698,683
2426,1392
2604,9800
2019,6895
415,4307
2758,7234
2083,5604
2680,9795
1102,8657
2597,3381
1481,2008
2117,10328
2987,4963
1509,3009
1794,7837
492,218
1130,2424
338,10597
1604,5498
2490,7540
1091,8848
722,10708
2885,1919
808,9728
2391,364
1362,2703
1561,6030
2034,8465
1891,3461
2406,874
668,6163
1093,2663
1588,8792
1961,7842
2771,6893
303,6415
2570,1884
1773,7727
1972,6624
2658,9581
2302,6041
851,4190
932,4034
2212,82
1452,4006
2689,6837
2589,3223
2988,7658
961,4708
2976,1417
1926,9029
1167,8977
611,6544
2423,1204
424,10101
2974,4690
598,2818
1736,1671
549,418
712,1873
2241,6273
2694,6026
1383,10564
369,5038
2746,4580
1755,4959
554,3808
1967,4061
577,9124
2091,2141
1779,8965
2654,10131
290,4112
718,9514
212,10874
2117,329
1148,4897
454,6960
387,4984
1286,9971
1828,8039
2821,5814
615,2303
1623,3325
180,9996
555,9119
2783,1213
1468,3158
2996,274
79,9540
158,8372
1526,5499
2273,818
1,1218
477,9549
384,9358
1445,9977
1757,2924
1287,3941
2816,7109
2964,857
2699,9742
68,8334
1360,2470
2588,8679
1258,6852
2590,2336
229,560
2460,5003
760,7780
531,5742
1923,8181
1496,6616
2857,4824
763,386
2719,918
1946,2917
307,1274
2633,585
1676,8425
1234,2078
2162,74
2683,5667
1362,7309
708,1042
1358,8506
1523,208
2926,8175
561,4671
1667,8968
2403,8070
2864,8465
2188,3752
2597,6135
405,7578
1730,7223
2548,6660
901,5126
1207,739
1272,9499
2304,786
2339,6900
343,3788
565,8819
439,5482
1786,8673
919,457
99,10746
1804,9481
2289,6261
731,8744
280,8054
2324,6218
2190,3774
443,5308
1400,1403
1460,5655
2614,3284
750,5724
1433,2785
2793,1714
834,884
1114,5368
2795,5466
1432,6468
2421,3010
1731,8979
2601,1665
2464,2828
2318,3299
1064,7883
2159,916
101,7277
186,8782
1996,3369
1930,534
899,3995
1033,4224
2084,220
1921,10779
2150,8387
1324,1929
2833,981
2049,10964
1141,2710
1571,7956
482,1088
601,6674
1458,1636
2367,8506
2735,10366
1188,8541
1867,4140
2968,7864
2930,1156
2897,979
808,3301
1560,721
2963,6702
96,10191
931,1193
1851,2065
2804,3905
1483,9519
146,9490
1166,5116
1451,6268
858,3953
2618,409
899,8680
1950,3922
2079,360
1356,3412
1910,6738
2081,6556
690,8691
1521,8848
2463,3625
1576,3307
2630,2984
759,4482
1345,10995
2200,8476
2656,125
2594,3411
366,3625
1754,9823
795,1752
956,9025
2135,3018
1959,9474
2461,6157
2160,2782
1313,1634
2782,321
2620,3706
517,8345
2967,7951
1272,5245
423,10632
588,6010
1453,6754
2153,1961
2268,8889
170,9405
2171,4755
724,4329
467,6659
2211,10718
1879,1614
488,6718
2148,1509
359,9987
901,3100
1351,7995
695,8364
2810,2244
177,1958
424,4050
2308,47
2843,3360
527,4700
2493,8431
1500,9407
2749,10077
1584,8583
2176,2079
1651,3160
350,610
2851,676
447,10342
2904,8150
769,9575
213,2712
961,9516
825,7669
372,9121
441,2539
248,2669
2443,743
683,3011
194,6984
887,37
2495,3269
2104,3384
1787,1233
1518,7195
2613,10845
385,1977
964,6794
206,7344
2966,531
2301,3790
751,2485
406,8866
43,4613
767,6859
1871,10329
138,9317
2034,9569
1585,5276
965,9769
845,1036
1860,8369
1208,6228
2890,1044
496,515
1709,5692
1337,7281
1770,6611
1646,7070
797,7273
2559,4327
1797,2543
1129,6056
1552,1958
2954,4856
2525,6665
70,8637
272,864
2254,10753
2006,8436
1039,1036
2815,3098
805,6467
2395,3414
1050,4433
597,3670
2368,10343
2024,10947
1685,9266
1533,9663
162,1648
659,2225
2577,8652
920,8645
1125,3681
505,8403
2972,2765
1879,2837
486,4862
2227,9441
1036,10964
2227,7226
174,611
758,4274
1164,532
1980,3535
1572,5955
1561,3322
2011,10432
1435,2688
1704,6525
2824,8505
2946,4001
1565,3148
1468,7416
1590,1929
2662,5181
2379,6290
755,835
4,9009
2007,2
1038,4570
532,6684
1428,5021
2513,4011
2110,6775
1543,3924
2776,1388
881,9174
1323,1413
1042,9536
2425,6005
978,9780
2671,5243
1844,2990
2296,4548
680,674
2765,1091
2925,9445
2291,9573
2119,4622
2260,1592
1241,10769
922,8020
2088,61
2484,10089
2451,9683
348,5425
972,1317
893,3010
2322,1810
2816,2870
822,7910
2386,8884
2801,468
2475,9343
63,166
1685,6743
1743,268
533,3727
1630,5989
197,3283
1974,3584
1167,337
1060,1443
2971,4447
2252,3299
1264,3424
1515,4992
2946,8820
2067,3519
1433,1661
1055,7865
1864,6048
284,2097
1758,8776
2901,1880
1708,6969
360,8242
346,6358
1449,2544
2863,6957
1951,9844
2374,1316
1408,9336
509,6766
2377,4704
1193,753
83,3396
1782,7978
2202,2902
2308,9485
1043,8807
1731,8915
2092,5925
1261,1567
643,10270
96,1241
256,5394
63,10220
1396,6077
2072,5128
1191,5379
474,9939
2666,4591
2255,38
988,4683
836,7029
2294,8516
1245,7170
1947,8637
1966,2500
1873,6244
952,7591
277,9896
175,7899
2565,10672
1715,6072
2771,2375
1062,10351
2980,3946
941,1430
2351,742
1920,7874
889,2179
464,4632
1285,2300
1961,5552
1420,8352
2602,3370
1050,8260
104,1737
2650,7467
2453,8350
2069,8653
286,401
1562,8822
2082,715
1151,5575
2506,10842
879,686
1462,1007
1985,6151
1659,4409
2332,3751
896,8853
693,4589
1069,4580
362,3671
2146,713
2051,3859
2433,1709
1788,2725
1113,3310
132,6592
2367,7771
1662,2357
2253,8423
504,3202
1345,3818
2909,2577
452,6718
1047,8325
1766,5797
2084,1942
2737,9640
2834,7543
229,3384
2421,1483
263,1985
358,4208
2245,4869
1405,4892
111,9700
1279,2043
2149,5575
957,1763
497,8689
684,10501
228,3051
1505,6183
1252,4542
1417,1869
2805,668
2068,2324
17,2171
2143,4834
1728,162
2851,8075
1910,5306
945,719
798,3675
2520,5760
579,2059
282,10174
297,8533
2664,6155
1074,4926
2378,4485
2538,273
2497,7331
1375,6436
2471,4834
2989,330
1473,299
1813,2619
460,10230
142,1024
578,3540
2084,6761
2922,1444
1292,1311
1976,6144
1537,3330
966,4295
606,8190
1457,2812
1498,9000
1930,9411
1199,9872
786,7747
1926,6673
2018,9645
349,4188
406,2507
1660,3521
2103,9231
1832,7425
474,4075
121,4482
2860,3437
2631,167
2928,5823
1522,10124
2933,3686
1127,8777
1787,1653
1572,2482
624,757
2721,4382
503,5836
2301,2813
2056,4931
145,880
418,2207
709,2679
1369,7155
1969,8840
2451,4679
510,749
2208,491
764,6752
2696,5678
1835,5578
2492,5619
2480,4333
826,8798
2713,4275
406,4977
2656,1297
2124,204
253,1473
2245,5863
1101,1045
1019,8560
2716,1018
2600,7488
2230,5740
2097,1949
619,1944
1269,6227
870,1297
2682,10186
724,950
305,1232
1199,9322
2742,7958
476,67
1095,8181
2717,4932
776,8172
2863,9187
2250,4005
980,3212
303,4690
1331,702
720,2763
2617,3883
1123,5368
1331,10501
68,5991
1229,5794
36,37
216,5337
1689,531
637,5101
86,7442
826,3805
1705,475
2998,6850
2325,3603
2287,49
1955,4191
397,258
245,6051
138,1495
2572,339
27,3842
926,10815
713,2076
246,3364
894,3814
2439,7515
1548,7078
2229,5490
771,8847
917,270
896,5580
1441,5151
384,975
1001,6801
2692,1400
2275,7942
501,2957
1614,3995
2608,5378
923,2128
61,4607
446,4189
1352,10118
2751,179
2343,3094
788,1445
1813,1882
1405,2545
140,5839
1664,4233
984,5935
142,10086
2016,1423
2052,1080
1158,4775
486,10798
1192,10960
961,6863
1182,9720
1153,2603
798,4361
2542,10635
1064,10896
2532,1545
156,656
2138,194
1301,10314
623,6723
1441,1434
1185,9321
547,699
116,7831
2516,7091
2388,8074
91,5034
499,10457
2844,5846
2974,4872
1767,7848
442,6661
1650,389
2522,2533
2886,9640
1968,698
1688,6242
2438,324
2216,4183
2045,3776
2067,6046
2918,7084
1225,5205
2858,5986
1407,10551
1426,3919
460,6018
473,8431
2140,10321
2798,5339
1458,811
1712,5831
1875,870
1021,5388
1207,5551
1663,3579
2801,10834
1120,10241
2881,3135
1467,671
2531,1790
631,8249
2262,6998
868,3466
2387,9918
732,158
2456,3723
1917,705
2030,8984
2383,6133
1917,8289
1998,3518
1177,3820
2032,2119
1851,3239
942,6397
2526,8518
1413,1552
194,9392
60,9806
2147,6657
810,4413
1450,572
964,10478
1322,1555
2473,5100
150,5306
1674,1485
994,8142
1768,10946
2105,10568
468,1387
2398,6094
875,9093
2377,9714
1153,9074
883,5012
2426,9347
523,6426
2625,4043
1542,403
1473,6167
1397,7569
2006,4415
557,7592
204,7999
1331,8972
1945,4176
1664,10838
1405,1687
1857,1030
2277,1387
883,7240
1842,10292
99,10807
2985,6025
443,1168
2479,9307
159,6778
1286,5536
2793,3990
2452,5646
1332,1222
371,10569
1140,6879
1627,7226
1491,8799
2761,6145
2434,3764
1672,9628
1663,7822
1313,3279
2894,4459
2479,4180
488,9060
1952,8864
1059,1413
1716,3669
2201,1203
902,5667
1972,3854
764,1761
29,7728
1448,5840
1864,9919
1186,8809
1061,183
2131,8987
1936,7994
2562,7224
999,6623
1067,6498
2814,8613
2184,8446
653,5168
2074,4373
694,510
1110,2411
325,2370
390,3482
718,8717
2829,10089
2125,1342
1162,9596
253,5355
2605,9270
959,2484
1494,5797
131,10209
6,10443
2716,7236
2685,9909
68,7645
2342,8752
264,2107
1253,9239
1516,1476
2483,245
1791,1186
2482,9405
1508,834
771,5937
1898,494
2384,9284
1651,7972
2357,10578
2007,8021
352,3216
2493,4733
2140,10765
2052,6451
2231,2481
216,7004
2174,6148
2622,5786
2451,8119
1577,9312
252,3399
88,3678
1356,9205
167,2924
727,3786
1747,1334
2583,5807
1982,10542
2037,4062
604,1356
1865,2558
1636,456
641,9990
1916,510
646,5904
1189,6826
2851,724
2164,10374
271,9639
1837,10016
336,8307
2702,143
579,4278
393,3859
2840,6385
2692,8436
1709,8639
1726,8054
1017,4625
903,7263
347,895
1291,9331
815,734
2895,807
594,5690
1805,7071
2142,9322
1471,257
2594,10385
2112,9150
423,331
2592,3371
2716,5881
257,6455
2672,7043
2331,4498
2704,3319
1036,7361
2617,6060
2670,7347
595,6571
1870,2460
875,3363
1890,10282
1074,2260
543,8488
800,3714
476,850
2871,934
1138,8553
1692,5463
81,10793
1738,4118
570,4541
2846,8461
1714,9130
173,10503
838,4477
2064,4409
2137,7368
617,7632
1050,2266
2438,5495
962,2153
2637,10808
1295,4285
418,6641
797,810
1612,3174
746,5948
1164,1506
1654,3356
2662,5095
616,5838
1403,9372
1644,1850
1900,7963
1554,7555
2147,5854
1606,2497
2704,8367
1637,5230
1210,7866
2628,7325
458,3801
1437,2661
1972,10138
1027,6698
2818,8883
2780,3932
1248,5125
909,7645
2997,897
755,6131
933,3922
2197,9596
2946,5927
263,3575
1266,10403
993,10739
2304,3427
2101,10423
1368,4910
891,784
467,7138
1560,650
1148,10505
2165,10034
1310,7305
2337,9323
2789,3482
581,2177
1660,2170
367,10061
1160,9697
186,4765
2243,3659
2437,6413
1826,8474
2939,7334
2811,3069
404,4587
815,3138
2397,2971
602,5511
1755,3467
2723,10540
2482,9165
16,9551
1199,4683
681,2771
1245,3109
2480,5076
1884,10155
2309,7409
141,4483
2463,7058
2945,4092
2241,3976
232,3554
2577,929
1541,8476
2091,3924
1867,8646
2182,3288
1240,5744
619,9332
745,1106
2217,7712
2853,9579
2987,1177
2259,4676
333,6467
2415,4923
1067,3722
1129,7340
1209,10487
224,4201
2007,789
164,2120
2114,97
2432,9828
1238,1217
2617,425
1753,2077
1221,10847
2258,2478
2710,10452
2056,9433
624,5380
1851,1336
938,5247
360,5270
499,6368
2987,3526
2429,6911
280,7004
2878,10709
2279,5691
2523,10481
52,8308
1511,5819
597,1463
1670,3368
2275,9598
1201,5778
2567,846
1579,742
213,7071
2195,8787
2510,1251
2026,2599
1609,2984
1531,1573
110,153
1185,2922
2751,3942
306,5168
2900,5462
2513,10422
1441,754
604,2997
2075,1565
1837,6877
257,10766
1188,8646
1601,8061
1007,3387
1702,4437
991,6560
8,9015
1584,5613
2648,5520
1958,1101
2365,10793
505,10760
2387,4661
904,2363
597,7545
1951,5033
1538,434
2778,9915
1090,2230
2201,10843
2903,2484
2524,10035
723,3870
2342,7520
1535,9935
1571,3176
1287,5403
2875,1338
1448,4045
443,4755
935,1016
2550,9620
1483,67
2792,4952
1667,2362
2849,8640
713,10887
2841,7473
2922,4954
790,2853
299,9971
2203,7832
2375,2691
1752,5452
76,5203
1752,3237
1621,5935
2962,9806
2750,9398
1674,9181
915,4174
395,10554
1901,1495
212,8632
1986,2771
853,3969
562,5483
2060,6857
157,3448
2185,7037
1300,10781
2176,3807
1279,9446
933,4837
2803,670
1507,679
1230,1044
1489,5176
2468,1067
563,5950
1659,2618
2188,6382
1852,1737
432,5615
1583,4996
2303,5285
1382,6403
748,5070
2475,1312
107,10635
1279,2225
363,8117
2316,8903
320,3051
2022,54
2098,10895
2140,7105
1616,5644
436,3118
1354,5903
354,2002
474,4807
1339,3565
1329,6489
942,3865
379,4920
548,1494
1502,6417
830,8010
586,968
1687,4140
866,958
979,6268
2854,7629
37,847
463,6388
1929,4023
1456,6314
766,912
1907,9633
14,755
677,9178
1065,2349
2348,9460
802,6850
1022,1898
1510,7314
1922,5043
1393,9883
1723,3113
2170,10514
707,9326
2773,8040
2840,4832
1694,5566
2100,592
2595,8936
2906,8569
2850,8408
1270,8887
2481,1637
2228,6146
942,8792
1862,7486
2698,9973
320,7991
1777,8839
91,7350
1257,8022
1792,5148
722,2265
878,9157
336,2458
26,1478
2782,4803
1266,6004
552,2985
137,299
673,6658
2117,9001
713,4781
1974,10184
1944,8026
1398,4066
1477,9085
12,5084
110,7376
1175,1284
2279,9184
222,2184
478,9694
1555,1690
1403,101
2506,2703
2263,730
578,7602
2245,1844
1195,8702
1038,8755
707,8884
1476,3504
2303,8615
113,4506
2835,1831
2612,7909
1139,4084
1371,9574
1135,2393
1670,5706
1582,5822
1854,4066
1590,9389
1755,3269
2307,8212
1918,523
395,5508
2630,271
2935,8949
2285,990
257,6446
921,5968
1748,4
1393,3977
1073,2575
1110,5840
76,4829
119,1264
984,251
2756,5163
1993,8587
2042,6759
2766,8510
613,6094
212,795
2139,6547
1223,8238
1853,6190
2226,9441
2881,4417
2779,6355
1781,8007
1241,9719
498,1044
1767,7062
1770,4327
2224,8698
1269,4570
2058,4730
2022,4807
681,7029
1874,1122
2259,9860
589,4932
2944,2729
1748,1427
395,9267
2448,835
2198,10752
1274,6203
2867,1462
790,9271
2321,6658
1022,2195
910,1725
538,6054
2852,4079
2604,3977
182,3911
2886,3848
2428,7134
2574,6959
2410,7531
1443,10482
2014,9251
1544,7087
2104,9410
1362,4343
727,1617
729,2215
1460,2434
2731,4849
2766,2820
1766,5860
9,8921
1871,3173
1019,4125
1461,4995
2739,3397
232,3745
1665,6222
2916,549
2200,1133
343,2795
2218,1416
117,6424
213,9101
2186,6338
1093,4195
596,5082
2745,559
961,9381
1527,7806
696,5434
3000,785
1131,10206
2442,3123
1406,2039
991,3221
1,4239
2516,8670
183,2001
2505,6562
1765,1568
1238,2805
2290,3375
268,274
314,1144
1010,10976
654,5679
422,7773
2175,3021
1087,1481
2962,9258
2737,280
1270,8284
2775,8385
2441,9263
1405,5439
2816,1741
2418,5115
255,9474
1804,2448
1831,10916
1812,57
988,3996
2801,8909
2916,8630
560,10874
2747,3425
2907,2660
625,1140
2533,3910
1282,1181
2077,3630
2384,5773
2272,5303
2341,707
1828,1879
1191,6920
1201,7379
2948,5522
257,6756
2913,8453
838,2308
1548,4161
276,7974
1618,8835
190,2272
2873,5011
552,1577
1768,7732
2249,5790
778,8979
2169,1367
2401,707
2696,3742
1495,376
2632,6201
473,1634
1967,9231
1890,1134
2148,1429
1144,7208
1253,7380
112,8229
413,3202
967,8743
1067,1511
377,3279
979,7814
2237,3349
2790,1283
655,6118
630,10262
1519,7620
2828,1659
1666,6098
95,10332
2967,2757
966,4963
861,2695
1226,7748
994,2029
882,768
1613,3727
312,5378
683,2810
2249,10246
2848,483
2528,1030
1015,6703
332,7427
206,9008
51,6919
460,3677
1408,8583
1721,9834
2953,3919
2292,10589
392,8875
2599,10480
1265,10197
2568,2536
928,9114
1477,3960
111,2476
1426,8573
2216,4299
2537,2139
2743,6674
1248,1104
1079,1820
516,9062
2035,6587
2778,2201
275,4920
1431,10795
2793,6158
692,9409
1831,9682
2715,2303
1507,2159
2544,6585
2669,1369
1203,701
1676,7300
286,6627
2490,4255
2534,4069
10,4248
2471,5181
1628,3738
2445,1745
817,786
1434,6087
1811,2398
1540,9223
1246,6790
681,373
2071,228
1699,4557
1957,7067
2487,1863
2442,171
2267,3028
627,2180
666,9490
67,4472
2699,7007
44,9443
2766,352
1859,7784
464,7262
1568,10466
2401,2856
933,9726
1932,7481
1694,1422
2038,3218
2956,6232
1189,10591
2746,1992
1715,3696
1203,7722
2662,4738
2840,809
2425,6717
340,2099
1494,6329
2616,17
141,2569
2406,180
94,8351
2188,896
2647,9812
1673,9081
1645,9019
62,3336
2276,191
1880,8327
1181,4125
1477,740
798,5821
93,7200
2925,2707
2703,3826
707,6376
2355,6792
2632,5343
2754,2596
2036,10947
294,1713
460,7115
1726,8920
115,3404
1314,5714
279,5498
2656,9241
1882,1970
2673,2994
1157,6181
1215,3907
435,4698
2282,9673
2721,2661
1478,8158
2531,322
1016,5094
1009,6138
1126,536
2655,5690
2460,9652
2558,2495
464,2524
1415,9162
431,2081
1665,4843
2086,8808
1477,3331
766,3239
1045,2425
2569,7464
1288,5795
446,4991
676,3467
2171,3375
2491,3730
1188,316
1518,8364
846,6214
1129,4058
1094,3054
1572,3352
732,5590
2794,627
848,554
151,9745
2768,3378
1066,1908
1305,2190
1729,3686
171,5415
861,3610
1695,8010
2314,3558
2023,4806
1235,1084
1818,8309
152,8290
1759,8668
2235,8597
1712,2177
1149,3232
732,10262
2731,5014
1994,8427
2820,8240
2044,3818
1992,7600
1942,3807
2423,10001
2110,5340
2156,7442
773,4005
1819,3592
2853,2351
263,6643
1631,10711
2778,3934
1307,2370
2195,846
1360,5643
1554,2247
581,9325
1234,10378
2789,5382
915,3428
2536,1489
445,5199
1577,4301
138,3507
1507,6457
1994,6575
1257,10483
415,1011
172,8194
1322,7579
1471,239
1721,9018
2151,5862
621,1237
2897,9358
2135,6820
545,6611
83,10229
821,10158
611,10348
1905,9512
2961,8067
1040,9973
1788,7880
2064,4028
307,7614
2757,8681
487,10928
392,4689
1908,1273
310,10248
158,9827
1438,6841
2090,8753
443,1594
2234,5765
2793,5463
2196,5473
2468,1502
1986,5663
766,8434
193,2614
2287,1161
2235,6892
1089,1476
808,9828
1647,7365
2034,6350
2083,7932
1671,4726
1762,7059
1058,10878
2470,3618
2973,7393
930,8370
821,7151
1725,5083
2217,1344
1807,7367
1518,8661
907,105
2057,9878
118,9515
2986,9146
2537,4853
1559,3185
2445,7250
1567,3534
1303,2707
2249,9001
1581,8084
1581,3883
409,10603
1296,6868
2234,772
2075,10807
2224,7897
1635,9717
1353,8607
253,8225
1279,1158
2686,8830
1126,7746
448,10800
1754,5625
1564,6696
1298,5759
2497,9237
675,9688
957,6368
1199,6396
2109,6617
1481,4833
209,3213
2550,10002
2569,8029
1808,2195
2165,10834
444,7136
24,8536
2574,3125
1291,629
1784,10324
846,10041
130,10625
932,430
1207,3375
1663,1403
2886,2121
630,6481
1712,1561
2336,10019
428,7020
1312,6020
92,2641
146,891
256,4698
944,4843
1283,6258
75,7548
1456,5368
1752,1754
1833,8738
1108,376
2193,10249
858,8078
1357,1346
1553,5422
476,3812
1654,815
1177,3630
2240,875
1814,8351
864,6782
1241,87
748,4392
993,9821
1452,10335
68,7521
2165,7009
2465,4268
623,4481
2749,3209
2386,2403
1472,262
2081,6493
2137,9512
2237,2280
96,10599
1065,369
2524,1815
2983,5776
115,2735
1060,9070
2094,9815
821,911
2687,5899
563,10186
1284,1086
1270,1188
336,2330
1343,10297
1701,3589
751,2020
2351,1227
1900,4738
1933,10513
1162,5647
2299,5093
2290,9474
2012,2296
952,7271
2789,9572
2978,5832
1025,9964
2958,1881
962,6417
241,470
548,132
1311,1323
1228,9956
2517,7544
2620,3993
825,4318
1599,7095
1031,1390
2744,6136
2722,7545
2354,5163
1263,7819
2676,6382
692,6017
2770,9427
1045,10979
1002,8165
593,9
1504,10483
1132,10840
919,5134
2970,2254
1020,5674
1106,759
2289,6737
662,8595
241,7262
1182,646
53,1024
715,10299
2836,6209
1048,1060
1165,2399
1003,5747
2795,7339
2554,4015
531,8125
2834,9667
1888,3144
1936,4087
2646,10370
1675,1050
1632,2400
1360,1941
2292,2446
2456,2783
195,7802
2755,2032
1562,8878
1493,4577
966,1384
2908,3967
2284,6998
1355,6269
1985,20
2653,479
2747,114
90,3147
384,3365
984,2835
862,1677
1376,8314
1856,1303
2962,9801
873,3529
2705,7930
1509,7796
609,3604
602,2662
521,7921
46,2444
1717,2349
2002,9126
1558,3753
173,4205
1945,2176
2675,9111
1856,6793
545,5016
515,1875
432,6536
537,402
241,1343
1751,5464
2260,9542
448,8466
489,6289
2509,4096
577,6890
709,2091
2106,444
1594,2255
2721,6840
2112,3349
1095,8169
4,5429
1705,10838
843,751
2591,4286
1006,10019
738,2391
1992,436
469,7599
30,2533
2744,5144
975,762
2542,5683
1142,10967
1742,10474
1299,3488
1560,6003
2399,7970
2906,604
805,3626
796,6021
584,4152
1874,3840
960,6129
342,7019
1460,4200
820,5560
226,2643
506,9830
1490,3850
2536,3666
2592,8671
2263,3248
520,8947
2013,5288
476,8123
796,5095
2922,10239
1181,1230
2165,3615
1697,2463
349,4002
2712,2148
279,496
2167,5768
1628,9166
1951,10573
1028,2425
2000,1575
1225,495
2468,862
2471,10730
437,6343
2393,6875
2770,2395
51,2335
171,7621
324,2201
2526,3203
2595,1576
184,8085
1812,184
2192,1637
8,7334
2111,480
796,10827
2190,3513
2576,8918
2519,948
2013,1113
553,9793
508,6344
2552,2330
2083,7184
744,10492
956,91
1463,7964
1715,3526
2318,3267
904,2789
1652,8839
2333,8234
2808,9281
2405,940
1548,8718
1527,9827
2822,7644
2325,3162
1697,2839
2170,10872
1129,7687
2141,1540
2753,6497
912,290
1978,1253
2809,3396
2993,3971
642,10723
849,1402
2070,8655
582,4027
1144,9429
2422,6370
1470,8138
878,10441
238,4668
2194,9364
2557,7955
599,8811
1165,857
1999,6910
2100,1071
2962,10929
374,5202
1847,396
721,6707
1135,9730
2040,9836
794,7451
266,421
1480,10667
1024,9633
2703,2946
1750,5280
2985,3046
2370,5927
2538,10170
2195,10999
529,6779
1353,5765
1131,697
1033,125
1117,5717
64,5632
2309,10239
2488,3300
67,7135
2374,6167
2274,338
2817,7905
869,7988
587,6841
953,10345
2517,7909
1176,7650
120,9297
712,8943
175,6789
866,8363
991,10987
1036,3856
2978,2238
1161,9220
2374,5241
670,10114
1847,8464
562,1721
2883,688
2239,623
2963,4818
2185,9920
2156,2803
121,7842
2895,927
158,32
240,5992
850,8890
1767,1688
304,4930
743,2119
2629,3144
71,10586
991,11000
115,1503
2407,6828
1426,1479
1338,7782
62,41
2460,1214
639,10935
1214,6965
696,2838
1879,4615
1842,9917
2128,3104
1162,9892
574,108
2026,60
1181,4923
1573,9648
230,9316
649,1571
507,2619
2132,5037
320,10148
2560,3794
2599,2702
2034,10100
1334,2024
1101,7680
206,9982
206,3337
2535,6595
2248,5104
1466,1133
1275,9967
1457,7729
1908,6204
292,10436
1765,7616
1732,7668
1400,8915
2605,10976
637,756
1898,3944
1559,7632
2052,4761
1018,2555
2250,841
843,7169
2388,5915
344,1298
2138,10170
2346,8133
956,2845
233,3682
2018,1622
2895,1895
2743,10923
2919,2289
1370,10483
1554,6628
1156,7750
2135,7805
2585,8536
2446,3762
2084,6793
99,2527
2318,5684
623,9586
845,4037
1300,4846
2604,8670
1858,4127
1157,9678
2618,1371
1919,1333
1858,9725
654,5795
1149,7989
277,7794
341,316
1080,9057
1439,1756
1690,2570
633,7025
2538,681
2703,2209
1376,9055
455,10402
43,2729
1271,10924
1683,2503
1142,9238
1959,9268
2288,1859
1214,2698
2080,8740
2171,8858
2500,2681
841,386
1248,2467
359,4520
2002,5787
1656,9351
2871,4021
2707,5310
2651,9616
627,8657
975,3476
173,2034
2256,5559
960,1138
168,2629
2859,6239
2358,2281
1491,7311
2379,1586
682,5186
1662,6900
85,10794
482,9447
2698,6937
2037,775
2024,9881
269,3677
322,4772
124,2047
1223,7617
2603,6555
1217,10017
1931,8377
2865,7171
2956,6535
1673,390
98,9349
791,10030
932,2570
1516,3008
131,1245
845,2574
2673,10276
1859,5067
389,988
521,2864
2866,202
1750,9712
1932,9194
1741,1032
101,9596
1988,909
2131,7044
1033,2342
2723,10339
1837,3830
223,29
1114,4438
38,4679
1265,2621
2826,8895
2863,1085
2811,2881
1072,4269
471,7018
736,8484
2957,3120
2313,1557
55,10486
627,6255
2135,7297
873,8876
2764,1614
2803,522
2354,403
1001,6028
1773,2343
1726,10633
1392,7081
2006,6486
867,8199
2673,5525
828,6221
745,1268
1851,1135
1142,675
1551,5798
2775,3671
2348,9525
2009,1694
1711,6201
1967,8113
484,1614
229,6693
1712,8762
1708,9057
2084,5372
1925,6776
2298,10175
2329,5324
1264,5754
2176,652
87,759
2332,5329
1929,1189
1051,10076
1371,632
2970,4044
239,483
837,3556
498,3861
2163,7893
2476,1708
1540,37
1858,612
980,7284
981,8152
907,1292
2597,4334
1929,7029
2065,8381
1949,8435
1013,6764
2433,1314
1679,7793
1226,8979
1126,4611
2918,8189
1140,5943
1213,5
2914,7895
2041,4065
1080,6013
1550,1761
171,8417
1728,6988
2671,3185
1263,8349
2180,5577
1517,9168
471,1475
92,661
2037,10897
447,8702
564,9287
2973,8367
1934,44
722,5379
1680,8529
873,7534
2230,10659
375,6503
1591,2795
256,2610
1420,8346
444,1089
380,10001
189,8972
801,9994
412,8492
1449,123
1824,3447
1326,7600
2331,474
2590,1637
2358,873
2912,5071
2659,7631
988,7726
1789,6728
1058,4294
2933,7116
2948,10888
25,970
2147,3440
2727,3197
1887,3974
2144,2058
2944,2673
726,155
1622,7611
1127,6622
1813,7593
2939,6880
2010,1721
2901,7527
623,4729
723,9777
1766,3697
1986,960
1664,7850
1246,2907
2323,2302
851,9962
924,4024
1149,2193
2171,1652
312,10852
2380,7653
1412,6444
1646,6382
2255,1242
1872,4887
700,4666
454,5953
443,3320
2136,7148
463,8402
509,2856
306,8189
156,2997
2072,10775
2911,10564
202,6496
2912,2306
573,8883
2820,5457
490,4455
1565,1037
781,4375
2768,2005
2282,8676
2533,10244
2528,9900
2276,6912
1800,10595
590,7143
144,9537
1332,9443
642,2580
1994,5886
1661,758
1875,1212
2852,2655
2585,8727
2799,1331
1084,3342
844,886
2776,9197
448,6807
926,3399
1700,6994
1810,6600
2706,736
1995,1398
1030,6610
2674,4840
2244,826
1149,5026
2792,7047
2730,10370
920,736
288,9127
2406,1090
2953,3703
685,3350
226,10878
479,2427
1411,5376
1433,4906
2586,9049
807,5935
827,5096
1667,2592
2356,9755
2606,9149
2253,7533
675,1965
683,5990
1475,328
495,4478
441,7396
639,1490
2380,8284
1322,4930
1717,1524
2687,5960
2076,3857
2320,4446
1683,1647
924,6991
2763,8924
1156,4116
331,9860
761,10905
1389,4058
1235,9778
2725,2401
863,1504
1033,1915
597,2782
907,3267
2775,3686
935,6978
2582,3291
2633,10921
2626,5549
1972,558
10,3924
1412,901
1577,968
1755,9376
2323,2249
2278,1015
1409,4538
2220,4228
1099,4726
918,2436
1900,1779
2101,1769
2094,6977
1077,1971
2057,2894
2509,2237
838,9273
124,5500
2888,8420
1154,4554
622,1283
2013,10408
991,10683
2735,9117
2737,1313
1186,6694
723,8919
1807,7041
342,5026
2525,10704
2641,1201
1190,9738
641,9230
75,4389
2798,10984
561,10927
2083,3310
2234,10124
2843,2769
1418,4842
2605,5866
1141,1824
690,3120
1538,9108
1263,2753
1357,2388
92,3925
2067,2255
1005,3626
1894,5481
2078,1101
1104,1124
2499,7510
657,9480
1107,10211
2454,9201
2764,1550
2567,2433
550,4106
2000,1568
1317,77
2347,5584
2978,4633
1076,5505
1129,9532
398,4129
2639,7274
464,8361
115,7978
335,9442
345,6454
512,215
57,9434
437,6457
1497,2007
1576,314
748,428
1332,7538
1256,10697
2527,8911
2732,5142
2942,522
1338,6794
2278,7123
1922,843
2681,7513
687,6460
1979,825
2385,2038
1015,1307
2343,2041
1812,10218
1456,8893
745,9030
2020,8706
2450,4503
217,9786
2010,6382
2149,8941
695,9559
2785,8630
1049,10316
1730,10714
2623,1169
381,768
883,4133
1545,4518
638,1333
1429,105
896,9441
1102,5345
1649,3299
2376,8997
450,4143
145,7937
798,9256
1292,9562
2831,4329
1032,10362
2902,10625
2088,2006
613,10149
2721,3639
1387,3356
2316,3819
1121,7815
2441,8136
2085,6057
1538,3444
1306,1337
2419,160
2255,7902
2986,6660
2948,10340
81,7376
546,8644
42,9407
343,4380
955,6893
2352,7690
2491,4358
2517,2546
176,7771
2062,9550
2167,6863
1793,8342
12,8602
595,6442
2262,9086
1741,1278
1195,5912
1508,2733
2471,8442
1817,5703
1313,5675
1707,1630
1083,6381
876,9286
384,4165
2173,4439
2995,6762
1967,7754
2425,984
1979,4839
1387,1517
1509,10811
120,4176
2458,4544
2287,9092
2973,3418
2338,7108
2797,7393
767,4697
2792,2848
1702,7126
2887,9501
880,787
2429,177
643,2308
1612,4092
989,6853
470,4716
2307,5785
608,8558
2967,1630
2117,1231
2418,176
130,2554
1874,6613
1774,9644
1739,10818
1725,10920
1379,8970
2688,8873
2734,10746
2796,3222
2887,7541
1927,3298
243,6608
248,536
1400,9150
629,9798
1756,1615
881,7804
1681,4181
323,10923
1822,922
2329,2416
1645,5167
721,6768
759,644
163,4262
1828,1612
1334,286
991,1115
903,3217
2541,4931
2047,3605
677,10081
713,878
957,9869
2098,160
1258,6599
2508,3936
1399,5757
2937,9482
1084,3157
1369,5999
1665,6815
1666,1038
2999,9700
2209,1667
2570,626
384,1066
2467,7331
696,10228
2049,7986
1939,10329
1643,882
2491,8038
246,1253
1745,9911
1347,6374
2673,10940
1783,9385
684,1600
118,923
237,10185
804,9249
2910,7096
1590,2466
2147,5767
2493,2728
34,5288
2248,1877
384,2368
790,5005
1129,3010
2942,7169
1403,9406
1163,9424
645,3082
2633,8750
195,6000
202,6942
1640,9992
1597,9127
2469,8827
473,8159
2357,4156
1623,5100
2401,1166
1762,5151
2173,10118
1543,7965
512,3024
151,1355
1943,7791
938,1856
2980,1408
1386,1723
1797,5229
2175,10285
909,2323
585,5646
1710,1554
1458,9183
2759,3102
687,6825
687,2624
769,7389
1624,3702
1793,276
1111,6335
1009,1857
1157,1792
2705,2987
747,1628
1572,4185
1649,7852
911,4476
740,3803
1340,8265
842,7234
1360,2730
1295,10185
1039,1857
911,4826
145,368
2949,6393
851,6946
2754,4168
16,2819
1829,333
121,1300
2004,10887
2706,7961
2644,7083
1030,64
577,9652
1905,1230
50,3756
1001,6947
2467,3185
1419,290
1503,1452
1026,1298
1318,9283
1992,5292
2990,1425
815,2246
290,5579
408,6968
2748,8200
169,2256
535,4565
436,3768
88,10935
2891,7919
2391,10262
97,7456
625,5397
1738,4220
2919,3184
204,4586
1221,2947
2411,2219
621,7089
91,3891
2223,2693
1180,4343
2809,6695
1411,8642
2556,5468
111,8680
2253,5430
355,5105
2506,9030
265,5067
1318,907
543,4523
245,8801
2927,7747
2610,5825
243,2046
1283,8204
1620,6843
1776,2889
1094,6733
2438,1059
1830,7555
2086,9467
601,2370
2344,1360
1958,8006
2261,3577
2495,775
2929,1003
2082,2299
1295,10816
1501,10884
1707,10989
682,5368
2736,2005
468,2901
2810,7589
1777,10415
1428,1896
2683,5269
994,4529
2840,4435
1846,1776
1293,9965
2415,8608
171,2691
341,5317
1306,7689
351,7991
1075,3326
1763,9096
2439,1768
2609,1654
627,692
917,9570
1395,1732
54,4442
2523,3307
2271,6735
467,7240
493,2045
2173,2147
951,6535
1677,6935
37,718
2445,1559
283,9001
2749,2724
2453,3894
1666,5241
288,421
1530,9746
2247,9545
220,6558
185,9489
1656,10272
2218,5286
2744,8779
2104,5709
2837,1093
1276,5786
1601,10686
223,1500
646,2357
733,10876
1631,1934
1770,292
1670,7295
2782,10848
1324,10270
2604,7055
830,4285
2650,1509
661,5001
1356,1362
2975,1040
992,8255
2430,4889
1503,594
1802,890
2617,2271
1495,3628
1252,8825
2525,7112
1687,3569
1895,4501
802,3112
1781,5153
2802,2438
993,9015
2871,996
1107,3115
368,3715
245,2561
703,1978
73,8227
508,1214
882,5067
1423,1257
93,9229
98,7358
2434,7882
1025,3547
2105,244
2776,183
2915,1510
2244,6738
272,6464
910,4240
2687,6261
930,1445
1332,9073
1453,2718
976,1332
499,6591
2419,2245
1722,9258
939,3665
1995,8599
1900,7315
2622,10683
607,10510
2841,10232
2669,5547
920,7937
1056,5354
2238,2062
1278,4006
1739,2378
2501,2701
2635,715
774,3160
2955,8240
2812,7666
1743,4190
2385,2876
327,8712
2801,8712
1102,10960
2883,6041
1865,1039
1964,7168
658,8704
1461,8799
1742,9721
1304,184
1985,811
1780,7761
1711,5712
2080,5286
1810,3439
158,137
1772,2689
1574,984
1879,10894
2414,8020
1799,6929
2341,6229
1215,10850
642,4801
941,7312
2579,2610
2498,3668
2980,6337
332,559
1663,9404
2945,5067
2917,10189
668,6372
958,10820
1589,8179
2077,2749
1195,789
574,213
1996,9442
1084,5913
740,6517
209,6100
1037,324
2072,10110
401,6041
27,7520
2747,6987
395,10427
2246,2275
1808,10680
1837,7705
1655,1312
2948,10131
891,162
1200,10302
2148,6843
446,5639
103,8683
377,1338
2607,712
1331,6032
2859,7349
159,3367
2712,5609
2137,1177
1908,6309
944,6791
1230,1964
2683,6305
1444,432
2194,7080
1115,5626
879,9025
1682,6905
1410,2016
2918,3849
2993,3205
483,10903
2919,10086
736,2452
61,5252
1983,3756
341,9507
2447,4385
1060,10426
915,10008
2826,4381
569,474
2305,774
2416,10404
683,9621
2880,4388
641,10149
61,9574
1982,8836
683,6359
2103,8079
339,5502
2197,1069
1479,8629
2243,3400
2594,10531
2496,5566
2723,2576
187,2637
2632,1145
135,2181
616,1996
1610,10024
1295,6751
2251,9532
868,2217
890,4716
1060,8574
2153,100
2059,1899
918,7932
634,8173
1566,10597
2301,5862
641,4914
840,8278
2823,8647
2161,863
2293,1019
1921,3362
1363,10682
2734,8080
1240,7579
2391,6694
1918,2798
1403,4604
2554,6163
2060,7577
463,1242
1755,8927
136,2833
352,1899
260,4296
2632,10139
1839,6073
2969,6792
2518,6856
1169,5312
2087,1156
1395,8513
312,901
1262,2241
2257,8922
345,10877
2212,3258
1897,8350
371,1252
2079,8098
69,10484
2997,7914
376,549
1945,1867
1795,3091
1201,8768
551,1075
1240,4451
1,9158
2339,5591
1685,4801
2722,633
1476,197
1242,3413
2384,9390
156,4723
916,4182
2024,9986
1554,9579
50,6633
1279,10771
986,9472
725,571
2331,9355
2259,821
2503,3396
490,8517
2165,10756
1024,988
2622,6013
2083,7425
1013,7511
2814,5954
2664,2977
1774,7838
781,7390
2916,5147
922,2145
2334,5960
2630,360
625,3844
1530,8151
1213,6229
2517,190
1152,3775
109,1749
1311,10184
2091,1250
854,405
1275,10261
2058,4227
671,1866
135,7484
2995,2070
1389,9730
2168,5038
115,9986
2362,8021
2843,3635
1757,9604
248,8300
354,10682
1089,2500
421,10214
71,1699
2710,1012
834,6825
454,942
976,9160
1893,2150
2538,8075
1767,1782
1968,7693
395,4684
989,175
1672,1400
2821,146
1074,6554
2359,6918
1041,4162
668,9515
1162,10804
2223,8979
915,761
820,3641
2105,8206
2413,1906
912,10814
1256,4208
2284,2435
2141,6816
734,4742
338,6499
2082,4142
2291,10143
622,781
2307,5428
50,5399
498,2556
1800,8751
2595,2569
2379,7115
2668,2559
649,1678
535,610
299,1565
2394,7359
2945,2049
799,8038
1544,2759
2279,239
783,3829
1799,2985
596,7157
706,613
594,8508
2091,4096
516,223
506,9563
14,241
2240,2583
2805,820
167,6118
2558,4097
11,7756
1031,5634
2416,715
1027,6683
1821,6958
1437,6029
330,10138
2207,7896
2054,2470
1252,5983
1570,6558
1716,8073
1707,10993
2965,2098
2182,2655
363,637
760,6460
1837,5855
58,3973
2587,8073
59,6534
1506,4708
719,8758
703,1351
1007,2257
2060,800
1600,4757
1008,9800
1391,8555
667,876
2523,975
1605,8743
1348,6872
2799,92
541,656
2672,8130
2283,6857
2907,8936
2217,6274
239,7609
490,8948
696,7067
983,10507
1776,7928
1513,644
1867,5114
131,3767
2689,8834
2042,621
423,1431
2164,2038
1918,10384
648,9362
2456,4812
317,9757
838,10691
282,4057
2527,8664
2202,6881
317,2294
1419,4671
2972,5981
825,1717
1651,6899
1188,9878
238,7555
2360,2377
1298,6717
924,10182
2020,1225
2914,684
2432,5599
2019,1000
434,9537
399,8496
2877,6925
2347,3727
2261,2455
894,3227
58,4712
2821,6993
1261,10339
1752,3517
2500,5366
530,5690
652,6619
34,1322
1822,1775
2798,4013
600,9546
1782,1824
2947,1103
985,7667
1703,2699
2981,10486
378,3956
624,4426
152,5599
1238,2370
246,3019
2190,6200
1924,10925
967,5704
373,9395
1362,8714
2792,3272
562,5655
1083,4832
942,1446
2722,7414
2567,9691
1700,3461
2584,2461
694,10096
1098,8496
22,1301
2932,8513
1437,4929
2784,3165
2889,5433
1023,7275
1041,7292
1268,1858
2154,1722
2541,5100
660,1975
2245,3237
710,6936
246,5489
494,3110
2027,570
1088,4492
2589,9584
1679,4933
445,7540
121,10863
971,9047
2194,3312
659,3039
2739,5098
2007,9084
1059,5898
2554,622
21,15
1662,3424
1393,2216
2322,2716
492,3693
1928,10080
1359,1292
942,2172
354,2187
414,5207
2182,1221
2923,6854
2596,4244
2885,7501
211,6689
1248,4736
1490,6713
628,9192
2649,9624
398,7683
267,4756
1342,9474
2750,752
1946,9854
490,9608
2464,7979
2060,3688
1786,187
2610,1388
927,197
2524,7471
1681,9411
829,6162
800,1031
115,3143
2880,5305
1689,6791
627,6967
2446,6770
1361,9177
2641,1990
2260,4513
1370,5210
384,5933
2667,6594
535,4116
2517,9804
2826,4143
2499,1533
2965,1040
1719,1543
2076,9694
2900,10858
942,8267
2160,10819
1048,5990
2108,1769
33,4026
30,7892
1012,9679
1884,9645
1870,5509
2822,6895
735,7866
2135,5699
1921,5218
1207,4414
73,8649
1600,1605
3,8819
2224,10588
815,2052
1315,4361
1578,1028
1719,6925
2351,9353
1480,1395
1168,1803
662,1177
798,10379
1808,1382
947,7469
1779,4064
175,1705
467,3045
344,5863
2732,6052
390,8948
1140,5016
56,966
1261,10904
2708,6863
922,2807
2152,10553
2029,7221
2020,3200
1541,7632
803,7437
1202,4968
1709,9165
2082,816
27,6398
1861,9973
591,8197
1277,7707
207,5053
1758,9737
2868,2893
2527,6801
2965,1779
2868,10477
2226,6809
1276,9175
2554,5362
942,5394
886,9663
461,2317
2249,10095
1115,6490
149,10309
1422,10811
1968,1710
1816,8523
2337,3270
273,401
345,2492
1408,5170
2813,2152
1362,10918
1852,1885
255,6921
1485,142
617,4533
1973,5329
2764,6353
1900,8234
2688,7526
1440,10464
2641,7185
2527,8332
97,10095
819,4640
2983,7299
502,6882
2272,3797
303,9153
2392,2401
1800,2526
1414,504
1009,2899
2193,10270
2364,1292
1012,3318
1359,2904
1778,8486
1482,3240
2165,2250
1531,9023
2033,3528
964,281
1084,9731
1390,7034
2789,5497
2059,4160
2503,9829
1892,3754
333,9045
2352,4412
180,5016
2477,5612
1448,2959
781,9851
2405,488
2418,9583
1874,6221
1592,5074
2568,9527
2473,5991
198,7894
1604,8962
2368,3467
2288,9365
1691,5174
72,5459
677,3849
609,8818
762,1183
882,5449
2237,8501
2829,1960
267,4624
2121,1910
122,1910
1909,5639
663,4974
2241,7051
1905,2406
409,8248
2446,9671
138,8428
2564,4708
1817,8157
2629,3605
886,6335
2788,7570
1496,2588
2736,7114
89,4715
553,9020
1625,6122
312,8436
74,2606
2092,6002
1980,7518
2638,4714
959,2770
2562,5887
975,7144
1062,8789
2323,6544
104,9022
2716,2274
2120,7124
1433,8409
2579,2979
2859,5477
2846,8921
2020,4678
781,1020
2825,7586
569,2332
750,2609
2768,6005
1892,2399
280,7275
287,1801
1591,5332
20,1349
1395,9190
2355,4802
1918,4764
1410,7512
1601,4828
2595,4454
1077,5353
693,223
1152,10371
526,1278
1765,8319
1839,10254
1720,4641
1383,7759
2381,3892
1249,8439
351,8228
1574,9663
2636,3071
2232,8091
201,8405
2220,3772
2139,400
10,10005
2941,7211
348,1369
1265,2798
1462,9728
2121,6395
1285,1464
2718,6910
2845,1501
1015,5252
2985,7668
189,10128
925,8476
333,2939
2230,9721
2270,223
1791,6641
845,2067
2486,5705
1878,7283
2944,6031
871,484
2166,287
800,8538
2739,4471
2419,7233
2840,847
545,620
2859,860
1004,3349
1427,5438
750,1254
2976,9029
2575,8685
2508,5477
1984,4016
2839,2315
786,6280
1926,776
2238,8218
2234,4083
1485,2238
544,223
581,2771
2035,6088
402,9444
1303,8125
625,6978
2769,4363
415,5182
1457,5559
8,4306
2830,1340
2162,5082
1914,4980
1566,3745
1155,498
2660,2326
1589,6617
2948,4944
752,10587
785,6334
2175,10390
521,6224
1705,3301
905,8321
1894,7603
304,4425
1613,9310
2943,4721
567,634
2386,10694
471,2323
927,388
2289,2167
1291,1833
2364,5953
2056,9772
428,7056
1119,1497
1912,3348
952,7507
587,404
2763,9341
905,979
2272,9518
2987,9234
86,1061
746,5308
2263,8422
914,9322
838,10495
1356,1036
518,2906
777,4069
689,10372
226,8396
416,2400
1222,6176
989,3201
2212,4111
2792,485
1260,10080
1513,5830
1112,4732
1034,8047
2630,5038
2608,3064
1852,4478
2464,3285
1262,10799
1403,1619
1822,6706
1854,3477
381,10003
2540,8383
1765,3139
2374,6401
1080,10620
2546,4643
2023,401
408,10227
1786,8567
2935,7084
198,325
2358,10715
2561,4133
2810,7318
643,3341
1866,6991
1501,3860
487,9180
2765,8780
2207,4251
2239,8441
837,3062
563,6731
1542,599
654,9478
2378,10441
2378,2039
1111,9165
1436,4266
2914,1790
438,1488
2067,3840
2101,8857
1612,6414
2044,5024
1041,5578
600,4115
87,9488
1598,773
199,5528
28,7861
1000,4988
850,1782
218,6938
2819,2024
1009,5747
117,7566
984,7380
371,2723
322,10415
2848,1678
444,2447
361,2678
1355,4290
4,4363
1960,10291
26,3856
600,6343
2931,10199
1189,3476
2197,1051
2424,7658
1322,6220
1576,9483
65,7352
2539,7581
870,8274
404,5357
2656,3736
2716,8934
1737,7078
405,5178
2819,4373
1451,6980
2153,2068
234,5067
2479,7422
94,4498
527,7009
422,1331
84,60
2267,1766
133,2396
701,638
394,5554
855,287
87,2401
2522,3870
1069,3141
2084,3873
387,6719
2658,10295
2300,2185
2187,9892
463,8700
1827,9320
1701,10672
2819,7890
2268,2354
2835,10049
2146,3825
1696,98
792,6781
1473,10148
747,3103
2847,9241
1782,4716
993,7939
2581,3645
1705,4203
1481,10911
1576,3335
2305,1495
1283,4739
1303,5886
2401,3943
2645,2317
554,6027
2443,4583
2925,4357
2529,4357
270,1838
2329,3020
1086,1872
1263,5440
1158,7898
1984,7159
2932,3700
521,10172
2030,5060
