idInstructor,NOM,INSTITUCION,GRADO,TALLER_CLAVE INT
1,Paola Sanchez,UNAM,DRA,1881
2,Carolina Lara,UNAM,DR,1340
3,Maria Valencia,UAEM,MC,399
4,Gabriela Rodriguez,UAEM,ING,2215
5,Diego Molina,IPN,MTI,1287
6,Leticia Aguilar,UPMOR,DR,487
7,Diego Perez,UPMOR,MC,2833
8,Jesus Sanchez,UNAM,MTI,1752
9,Valeria Medina,UTEZ,DR,1508
10,Veronica Romero,UTEZ,MC,2190
11,Daniela Delgado,UTEZ,MC,1240
12,Beatriz Navarro,ITZ,ING,583
13,Lucia Paredes,IPN,ING,2550
14,Laura Salazar,ITZ,DRA,2988
15,Jose Mendez,UAEM,ING,476
16,Antonio Rojas,UAEM,DR,2856
17,Beatriz Rojas,IPN,DRA,1409
18,Elena Medina,UAEM,ING,345
19,Jose Bautista,UTEZ,MC,1840
20,Raul Paredes,UAEM,LIC,1495
21,Sofia Herrera,UPMOR,DR,192
22,Claudia Reyes,IPN,MTI,2414
23,Javier Vargas,UAEM,ING,1386
24,Jesus Flores,UPMOR,LIC,537
25,Silvia Ruiz,UPMOR,ING,978
26,Margarita Gutierrez,UPMOR,DRA,1789
27,Gerardo Dominguez,UAEM,ING,310
28,Hector Ruiz,UNAM,LIC,48
29,Diana Herrera,IPN,MTI,2477
30,Laura Mendoza,UAEM,DR,1432
31,Carmen Martinez,UAEM,MTI,2790
32,Pedro Cruz,IPN,MTI,61
33,Monica Garza,UAEM,ING,1830
34,Esteban Castro,ITZ,ING,2368
35,Martha Paredes,UPMOR,LIC,517
36,Hector Rios,UPMOR,ING,2150
37,Diana Herrera,UNAM,ING,1423
38,Hector Cortes,UPMOR,LIC,1645
39,Valeria Chavez,UNAM,LIC,724
40,Rosa Valencia,UTEZ,MC,2145
41,Patricia Mendoza,UNAM,LIC,1148
42,Paola Vargas,IPN,ING,2483
43,Leticia Dominguez,UNAM,ING,1937
44,Margarita Cortes,UPMOR,MC,2836
45,Jesus Garza,UTEZ,DR,2198
46,Monica Avila,UPMOR,DRA,561
47,Eduardo Hernandez,UNAM,DRA,1415
48,Leticia Ramirez,UNAM,MC,883
49,Gael Garcia,UPMOR,MC,1355
50,Gael Silva,UPMOR,MTI,2031
51,Claudia Flores,IPN,MTI,1972
52,Margarita Garza,ITZ,DRA,1181
53,Arturo Ramirez,UPMOR,DR,1268
54,Susana Lara,UAEM,DRA,322
55,Claudia Martinez,IPN,MTI,2004
56,Sofia Gomez,IPN,DR,1457
57,Jorge Vega,UTEZ,ING,2166
58,Miguel Cordova,UAEM,DR,1855
59,Antonio Garcia,UTEZ,DR,1238
60,Martin Cordova,IPN,DRA,497
61,Manuel Gutierrez,UNAM,MC,2683
62,Hector Velazquez,ITZ,DR,747
63,Natalia Sanchez,ITZ,MTI,1388
64,Natalia Salazar,UTEZ,ING,2350
65,Gabriela Munoz,IPN,DRA,2534
66,Javier Castillo,ITZ,MTI,2669
67,Veronica Paredes,UNAM,ING,273
68,Veronica Ortiz,ITZ,DRA,2854
69,Natalia Ruiz,UNAM,LIC,872
70,Julio Gutierrez,UAEM,DR,484
71,Ruben Silva,UAEM,ING,2099
72,Diego Dominguez,IPN,ING,2517
73,Leticia Lara,IPN,MTI,978
74,Carolina Reyes,UTEZ,DRA,470
75,Laura Espinoza,UTEZ,MTI,2316
76,Pedro Maldonado,UPMOR,MTI,2190
77,Silvia Mejia,UTEZ,DR,958
78,Adriana Paredes,IPN,DR,2739
79,Carlos Guzman,ITZ,DR,2738
80,Eduardo Munoz,UNAM,MTI,1234
81,Lorena Valencia,ITZ,DR,22
82,Claudia Garcia,ITZ,MC,1848
83,Arturo Mendoza,UAEM,ING,2893
84,Monica Aguilar,UTEZ,DRA,1041
85,Lucia Perez,UPMOR,LIC,2964
86,Miguel Reyes,UAEM,LIC,2021
87,Diego Aguilar,ITZ,DR,517
88,Margarita Cabrera,ITZ,LIC,1349
89,Arturo Medina,UPMOR,MC,59
90,Susana Gonzalez,UTEZ,ING,192
91,Silvia Herrera,IPN,LIC,1850
92,Javier Dominguez,UPMOR,DR,941
93,Monica Aguilar,IPN,MTI,2258
94,Luis Rojas,UPMOR,LIC,2484
95,Rafael Gonzalez,UPMOR,DRA,1980
96,Antonio Avila,ITZ,DRA,2011
97,Maria Flores,UPMOR,MTI,1765
98,Jorge Soto,UAEM,LIC,1090
99,Carlos Guzman,IPN,MC,234
100,Veronica Cortes,UTEZ,MC,2648
101,Gabriela Vargas,ITZ,MTI,2544
102,Silvia Cabrera,UAEM,DRA,460
103,Susana Romero,UTEZ,DRA,1458
104,Rosa Dominguez,IPN,ING,2535
105,Francisco Lara,ITZ,DR,94
106,Gerardo Munoz,IPN,ING,1941
107,Sofia Diaz,UNAM,DRA,2389
108,Daniela Espinoza,UNAM,DR,1380
109,Lorena Munoz,IPN,DRA,2840
110,Diego Ruiz,UNAM,MTI,1286
111,Martha Morales,UPMOR,MC,1881
112,Ruben Cabrera,UPMOR,ING,427
113,Roberto Rios,UTEZ,LIC,475
114,Diana Navarro,UNAM,LIC,2913
115,Luis Chavez,UNAM,MTI,1614
116,Luis Cortes,UAEM,ING,391
117,Hector Mendoza,UAEM,MC,979
118,Gerardo Rios,UPMOR,DRA,2495
119,Lucia Valencia,IPN,ING,2047
120,Pedro Bautista,UAEM,MC,204
121,Roberto Cruz,ITZ,LIC,907
122,Carlos Soto,UNAM,MTI,986
123,Gerardo Gonzalez,UPMOR,LIC,976
124,Valeria Gonzalez,UNAM,LIC,731
125,Martin Guzman,ITZ,LIC,81
126,Hugo Dominguez,UPMOR,DR,1336
127,Maria Velazquez,UAEM,DR,699
128,Sofia Lara,UTEZ,MC,1297
129,Javier Salazar,ITZ,DRA,194
130,Ruben Cruz,UTEZ,DRA,189
131,Margarita Garcia,UNAM,DRA,1796
132,Martin Dominguez,ITZ,ING,671
133,Raul Munoz,UAEM,DR,2927
134,Francisco Munoz,ITZ,MC,1201
135,Francisco Castillo,IPN,DRA,1333
136,Carlos Guzman,UTEZ,DRA,854
137,Roberto Sosa,IPN,MTI,2735
138,Carmen Medina,IPN,MTI,2815
139,Adriana Vargas,UNAM,DRA,786
140,Rosa Reyes,IPN,LIC,247
141,Fernando Ruiz,ITZ,MC,2421
142,Rumualdo Ruiz,UAEM,DRA,1083
143,Rosa Reyes,ITZ,DRA,2306
144,Elena Romero,UTEZ,MC,1709
145,Martin Salazar,ITZ,DR,2214
146,Rosa Rodriguez,UPMOR,MTI,1357
147,Claudia Salazar,UPMOR,DR,849
148,Lorena Medina,IPN,MTI,835
149,Roberto Maldonado,UPMOR,MC,2811
150,Raul Delgado,ITZ,MTI,1177
151,Jorge Hernandez,UNAM,LIC,544
152,Victor Bautista,UAEM,DR,2106
153,Patricia Gomez,UPMOR,LIC,454
154,Paola Ruiz,UAEM,LIC,1490
155,Javier Perez,ITZ,LIC,994
156,Rosa Campos,ITZ,LIC,1043
157,Oscar Aguilar,UAEM,DR,2714
158,Jose Salazar,UNAM,MC,1117
159,Rumualdo Medina,UTEZ,ING,222
160,Monica Velazquez,UNAM,DRA,2038
161,Elena Gomez,UTEZ,ING,1142
162,Susana Mejia,UNAM,LIC,1727
163,Andrea Cordova,UNAM,LIC,1617
164,Margarita Silva,UAEM,DRA,485
165,Adriana Castro,UTEZ,MC,827
166,Hugo Garza,IPN,MC,1509
167,Adriana Espinoza,ITZ,DR,1252
168,Gerardo Castro,IPN,LIC,2935
169,Gerardo Valencia,UAEM,ING,981
170,Francisco Gomez,UPMOR,ING,2016
171,Victor Flores,IPN,DR,1542
172,Gabriela Castillo,UTEZ,MC,1368
173,Leticia Rios,ITZ,MTI,1631
174,Lucia Cordova,UNAM,ING,268
175,Sofia Ramirez,ITZ,DR,2741
176,Lorena Hernandez,UTEZ,LIC,1388
177,Susana Cervantes,UNAM,DRA,639
178,Francisco Lopez,UTEZ,ING,1680
179,Rosa Gutierrez,UTEZ,LIC,2755
180,Francisco Soto,ITZ,MC,2563
181,Ricardo Herrera,UNAM,ING,54
182,Diego Cervantes,IPN,ING,2680
183,Carlos Bautista,UAEM,MC,2688
184,Patricia Navarro,UPMOR,DR,1647
185,Carolina Romero,ITZ,DR,1961
186,Alejandro Castro,UPMOR,DR,289
187,Hector Dominguez,UPMOR,MTI,857
188,Paola Campos,ITZ,MTI,711
189,Javier Rodriguez,UAEM,MC,887
190,Ana Lopez,IPN,ING,356
191,Javier Cabrera,ITZ,MC,536
192,Alejandro Velazquez,UNAM,ING,1223
193,Jorge Velazquez,UAEM,LIC,1593
194,Pedro Sanchez,IPN,MTI,2053
195,Daniela Maldonado,IPN,DRA,603
196,Jorge Mendez,UTEZ,DRA,1709
197,Rumualdo Ortiz,UPMOR,MTI,1738
198,Diana Gonzalez,UTEZ,MTI,122
199,Gael Rodriguez,UAEM,MTI,2888
200,Fernando Chavez,IPN,DRA,1251
201,Hugo Soto,UNAM,DRA,830
202,Pedro Aguilar,IPN,MTI,2120
203,Carlos Gutierrez,UTEZ,DRA,1027
204,Lucia Ramos,UNAM,DRA,191
205,Martin Castro,ITZ,MC,1982
206,Hector Ruiz,UPMOR,MTI,960
207,Veronica Aguilar,UTEZ,MTI,1456
208,Arturo Flores,UNAM,DR,835
209,Gael Sanchez,UAEM,DR,820
210,Oscar Molina,UPMOR,DR,1973
211,Antonio Rojas,ITZ,MTI,428
212,Valeria Velazquez,IPN,MTI,874
213,Carlos Cruz,UAEM,MTI,142
214,Julio Cervantes,UAEM,DR,768
215,Daniela Cabrera,UNAM,MC,2963
216,Victor Mendez,ITZ,MC,1607
217,Beatriz Ramos,UPMOR,ING,383
218,Veronica Mejia,UAEM,MTI,668
219,Manuel Munoz,IPN,MC,1892
220,Gerardo Cordova,IPN,LIC,1050
221,Beatriz Rojas,UPMOR,DR,2836
222,Hugo Martinez,UTEZ,ING,2264
223,Luis Bautista,IPN,DR,1432
224,Rosa Cortes,ITZ,MC,2128
225,Eduardo Escobar,UPMOR,DR,2748
226,Eduardo Castillo,UPMOR,DRA,2888
227,Elena Silva,UPMOR,DRA,254
228,Hugo Mejia,IPN,DR,1478
229,Rosa Medina,IPN,DRA,2999
230,Victor Maldonado,UPMOR,ING,2992
231,Roberto Vargas,IPN,DR,580
232,Diego Mejia,UNAM,DR,1463
233,Rumualdo Salazar,ITZ,MTI,429
234,Luis Cordova,ITZ,DRA,1095
235,Francisco Lara,UNAM,DRA,684
236,Hector Garcia,UAEM,LIC,1412
237,Teresa Rodriguez,UTEZ,LIC,2895
238,Teresa Valencia,ITZ,MTI,1480
239,Fernando Ramirez,ITZ,MC,1896
240,Alejandro Flores,UNAM,MTI,2977
241,Laura Sosa,UNAM,DRA,1435
242,Esteban Herrera,UNAM,DRA,1605
243,Raul Castro,UNAM,LIC,405
244,Antonio Medina,ITZ,ING,1593
245,Silvia Rojas,UNAM,DRA,1675
246,Fernando Cabrera,UTEZ,MC,2564
247,Daniela Aguilar,UTEZ,DR,2256
248,Raul Gonzalez,UAEM,ING,2036
249,Silvia Velazquez,IPN,DR,2896
250,Valeria Reyes,IPN,ING,537
251,Diego Rodriguez,IPN,LIC,2375
252,Hugo Silva,UAEM,ING,39
253,Francisco Valencia,UAEM,MC,2374
254,Jorge Sanchez,IPN,LIC,2599
255,Martin Herrera,UAEM,LIC,939
256,Teresa Cordova,IPN,LIC,502
257,Laura Ramirez,UTEZ,LIC,721
258,Adriana Sosa,UNAM,MC,2039
259,Victor Diaz,ITZ,DR,368
260,Carmen Rodriguez,UAEM,DRA,1726
261,Luis Sanchez,UNAM,MTI,542
262,Luis Mejia,UNAM,DRA,2699
263,Lorena Bautista,IPN,MC,1662
264,Gabriela Garcia,IPN,MTI,2047
265,Patricia Vega,ITZ,MTI,166
266,Rafael Cortes,UAEM,DRA,1323
267,Lorena Cabrera,ITZ,LIC,1487
268,Miguel Cabrera,UTEZ,MC,368
269,Francisco Ruiz,UAEM,LIC,721
270,Susana Garcia,UAEM,DRA,2409
271,Alejandro Herrera,ITZ,DRA,2015
272,Monica Rojas,UAEM,LIC,1734
273,Hector Herrera,UPMOR,MTI,2604
274,Susana Herrera,UPMOR,LIC,828
275,Martin Herrera,UNAM,ING,1120
276,Oscar Velazquez,UPMOR,MTI,484
277,Fernando Chavez,UAEM,DRA,2653
278,Rumualdo Garcia,UNAM,MTI,125
279,Julio Lopez,IPN,DR,83
280,Jose Rodriguez,UTEZ,DR,2540
281,Ana Maldonado,UPMOR,MTI,580
282,Luis Munoz,UTEZ,LIC,1703
283,Luis Cervantes,UNAM,MTI,1721
284,Esteban Cruz,UAEM,LIC,2374
285,Beatriz Guzman,IPN,DR,108
286,Ricardo Martinez,UPMOR,ING,1696
287,Roberto Castro,UTEZ,DR,137
288,Monica Espinoza,IPN,DR,2491
289,Arturo Castillo,UPMOR,DR,2534
290,Julio Reyes,UTEZ,MC,2465
291,Daniela Mendoza,ITZ,MTI,231
292,Carolina Velazquez,UPMOR,LIC,769
293,Ana Valencia,ITZ,MTI,2552
294,Margarita Bautista,UTEZ,LIC,286
295,Lucia Ortiz,UAEM,MTI,939
296,Miguel Vargas,IPN,DRA,1866
297,Antonio Cervantes,UTEZ,LIC,2676
298,Javier Cervantes,ITZ,DRA,2422
299,Sofia Valencia,UAEM,LIC,3
300,Lorena Silva,UNAM,MTI,811
301,Rafael Gutierrez,ITZ,DR,2425
302,Veronica Rojas,UNAM,LIC,990
303,Eduardo Avila,UTEZ,MTI,1694
304,Martin Diaz,UAEM,DRA,1246
305,Gerardo Dominguez,UNAM,DRA,1258
306,Lucia Cordova,UPMOR,MTI,2209
307,Arturo Valencia,ITZ,DRA,1719
308,Lucia Perez,ITZ,LIC,932
309,Rosa Ramirez,UTEZ,LIC,2194
310,Rumualdo Escobar,ITZ,DRA,2359
311,Carolina Castro,IPN,DRA,2108
312,Elena Castillo,UAEM,MC,1318
313,Lucia Rojas,UAEM,LIC,1838
314,Teresa Lopez,UPMOR,DR,177
315,Jesus Aguilar,IPN,MTI,163
316,Claudia Molina,UPMOR,ING,720
317,Adriana Rojas,UAEM,MTI,978
318,Diego Vargas,UTEZ,DRA,1347
319,Margarita Aguilar,UTEZ,DR,1030
320,Jorge Mendez,UAEM,ING,335
321,Fernando Herrera,UPMOR,DR,637
322,Diego Castro,IPN,MC,91
323,Manuel Ruiz,ITZ,MTI,436
324,Patricia Cabrera,IPN,MC,2840
325,Diego Lopez,UNAM,DRA,2722
326,Eduardo Molina,UNAM,MTI,1399
327,Monica Espinoza,UTEZ,DR,334
328,Jose Ramos,UTEZ,LIC,2982
329,Adriana Molina,ITZ,LIC,2285
330,Silvia Herrera,UNAM,LIC,2247
331,Gerardo Velazquez,UAEM,DRA,1772
332,Valeria Soto,IPN,ING,25
333,Pedro Diaz,UTEZ,ING,175
334,Antonio Mejia,UPMOR,LIC,1425
335,Laura Diaz,UTEZ,MTI,2697
336,Javier Diaz,UPMOR,MC,1251
337,Hugo Velazquez,UAEM,LIC,927
338,Claudia Maldonado,UPMOR,DR,1302
339,Ana Campos,IPN,MC,1527
340,Ana Cervantes,ITZ,LIC,825
341,Carlos Silva,ITZ,MTI,1380
342,Hugo Cordova,UTEZ,MC,359
343,Martin Gomez,UTEZ,MTI,2111
344,Beatriz Cordova,IPN,DR,2355
345,Raul Dominguez,IPN,MC,1866
346,Andrea Ramos,UTEZ,MTI,1582
347,Claudia Aguilar,ITZ,ING,2950
348,Carlos Gonzalez,ITZ,ING,2232
349,Rumualdo Garcia,ITZ,MTI,644
350,Susana Vega,UNAM,MTI,2893
351,Miguel Campos,UTEZ,DR,1243
352,Margarita Munoz,UNAM,LIC,2784
353,Silvia Ruiz,ITZ,MC,954
354,Paola Espinoza,UPMOR,DR,2902
355,Rumualdo Navarro,UTEZ,MC,2403
356,Carlos Munoz,ITZ,MTI,2105
357,Jorge Cabrera,IPN,MC,1627
358,Carmen Valencia,ITZ,ING,1333
359,Rumualdo Mendez,IPN,MC,964
360,Jose Cabrera,UAEM,MC,2631
361,Rosa Rodriguez,ITZ,DRA,2178
362,Victor Ortiz,UTEZ,ING,193
363,Martha Avila,IPN,ING,1606
364,Jose Reyes,UAEM,LIC,2956
365,Ruben Cortes,IPN,MTI,719
366,Teresa Aguilar,UAEM,MC,1301
367,Javier Cordova,UPMOR,ING,1608
368,Gerardo Avila,UNAM,ING,1413
369,Rosa Ramos,UTEZ,LIC,2185
370,Miguel Sanchez,UAEM,DR,1290
371,Laura Mendoza,UAEM,MTI,1676
372,Sofia Bautista,ITZ,LIC,1466
373,Luis Reyes,UAEM,ING,1484
374,Rosa Sanchez,UTEZ,MTI,1490
375,Veronica Castro,ITZ,ING,1138
376,Jose Medina,UTEZ,DRA,1699
377,Carolina Guzman,UAEM,DRA,2053
378,Monica Avila,IPN,MC,940
379,Manuel Garcia,UTEZ,MC,2862
380,Rafael Vega,ITZ,DRA,1966
381,Patricia Paredes,IPN,ING,447
382,Manuel Mendoza,UPMOR,DR,1958
383,Roberto Martinez,IPN,MC,2464
384,Adriana Avila,UTEZ,MC,2253
385,Diana Mendoza,UNAM,MTI,2412
386,Rosa Avila,UPMOR,LIC,1133
387,Carolina Medina,ITZ,MTI,2219
388,Elena Medina,UTEZ,ING,1827
389,Ana Soto,IPN,MC,1217
390,Daniela Lopez,UTEZ,DRA,710
391,Margarita Campos,UPMOR,DR,2440
392,Eduardo Valencia,UTEZ,ING,1126
393,Esteban Espinoza,ITZ,DRA,1018
394,Gerardo Rojas,ITZ,MC,1435
395,Teresa Maldonado,IPN,MTI,2696
396,Hugo Cabrera,ITZ,DRA,866
397,Valeria Sanchez,UTEZ,MC,2390
398,Jesus Ramos,UTEZ,MC,1290
399,Fernando Vega,ITZ,MC,759
400,Jorge Medina,UNAM,MC,1961
401,Eduardo Martinez,UPMOR,DR,183
402,Ricardo Munoz,UNAM,DRA,836
403,Rafael Dominguez,UNAM,LIC,2951
404,Oscar Gutierrez,ITZ,LIC,2270
405,Oscar Molina,UAEM,ING,2426
406,Natalia Bautista,UAEM,DR,1427
407,Diana Rodriguez,ITZ,DRA,1171
408,Ana Vega,UNAM,LIC,188
409,Jesus Navarro,UAEM,DR,1283
410,Victor Chavez,UNAM,MTI,2361
411,Esteban Bautista,ITZ,MTI,232
412,Diego Guzman,UNAM,DRA,1800
413,Ricardo Cruz,IPN,ING,1125
414,Javier Lopez,UNAM,DR,1200
415,Gerardo Vargas,UTEZ,ING,144
416,Maria Escobar,UTEZ,LIC,2146
417,Luis Molina,UTEZ,MC,117
418,Jorge Gonzalez,UTEZ,MC,1908
419,Elena Herrera,ITZ,DRA,1560
420,Ricardo Vargas,UNAM,MTI,1733
421,Miguel Dominguez,UTEZ,MC,2079
422,Gabriela Dominguez,UNAM,DR,2437
423,Antonio Diaz,IPN,LIC,1001
424,Ruben Gomez,ITZ,LIC,1148
425,Leticia Vega,IPN,MC,1984
426,Arturo Cordova,UAEM,LIC,1710
427,Rosa Diaz,UTEZ,DRA,2595
428,Fernando Morales,UTEZ,ING,2039
429,Diana Mendez,UTEZ,MC,1113
430,Carmen Vega,UNAM,LIC,2609
431,Beatriz Espinoza,IPN,MTI,2702
432,Leticia Rodriguez,IPN,MC,852
433,Valeria Cervantes,IPN,DR,2535
434,Miguel Delgado,UNAM,LIC,2827
435,Claudia Gonzalez,UNAM,MTI,2939
436,Teresa Mendoza,UTEZ,MTI,1229
437,Manuel Cruz,UAEM,DR,1885
438,Maria Maldonado,UNAM,LIC,2761
439,Victor Ortiz,UPMOR,MC,83
440,Claudia Soto,UTEZ,DRA,2454
441,Eduardo Munoz,UNAM,MTI,1636
442,Gabriela Campos,UAEM,DRA,1558
443,Veronica Munoz,ITZ,ING,1861
444,Martha Gomez,UPMOR,DR,654
445,Oscar Rojas,UAEM,DRA,2388
446,Jorge Dominguez,IPN,MTI,394
447,Rosa Ramirez,UPMOR,DR,2736
448,Paola Campos,ITZ,MC,1181
449,Lucia Romero,UAEM,DR,2230
450,Margarita Castro,UNAM,MC,822
451,Ana Ortiz,UAEM,MTI,2188
452,Hugo Ortiz,UTEZ,DR,30
453,Ruben Velazquez,ITZ,ING,1876
454,Adriana Vargas,UNAM,MC,1771
455,Jose Cruz,UNAM,MC,364
456,Lucia Molina,UPMOR,ING,2393
457,Rosa Hernandez,UPMOR,MC,2994
458,Margarita Escobar,IPN,MTI,320
459,Pedro Martinez,ITZ,LIC,33
460,Rumualdo Garza,ITZ,LIC,263
461,Elena Dominguez,UTEZ,LIC,1890
462,Antonio Vega,IPN,LIC,1234
463,Hector Paredes,ITZ,MTI,2262
464,Adriana Cordova,ITZ,MTI,1328
465,Rumualdo Rodriguez,UNAM,MC,785
466,Rafael Sosa,UAEM,MTI,2251
467,Gael Bautista,UPMOR,MC,1348
468,Rafael Escobar,UAEM,DR,634
469,Rosa Guzman,UNAM,MC,311
470,Patricia Cervantes,UAEM,MC,2131
471,Eduardo Maldonado,UPMOR,ING,1546
472,Beatriz Escobar,UTEZ,MC,1429
473,Elena Gonzalez,UAEM,LIC,2882
474,Jose Hernandez,UTEZ,LIC,2028
475,Gabriela Medina,UNAM,DR,1984
476,Hector Delgado,IPN,ING,1922
477,Silvia Martinez,ITZ,DRA,2868
478,Monica Silva,UNAM,LIC,1102
479,Eduardo Ramos,UTEZ,DR,2878
480,Lucia Castillo,UTEZ,DRA,462
481,Lucia Chavez,UPMOR,DRA,2437
482,Javier Medina,UNAM,LIC,2353
483,Rosa Velazquez,UAEM,MTI,46
484,Rosa Soto,UPMOR,LIC,2925
485,Antonio Cervantes,IPN,MC,1835
486,Oscar Ruiz,UNAM,MC,2282
487,Monica Velazquez,UTEZ,DRA,305
488,Diego Castillo,UPMOR,DR,1723
489,Hector Maldonado,IPN,MC,1677
490,Ricardo Martinez,ITZ,ING,1792
491,Maria Vargas,IPN,LIC,2503
492,Margarita Martinez,UPMOR,MC,831
493,Carlos Molina,ITZ,MTI,230
494,Patricia Cortes,IPN,LIC,248
495,Valeria Lopez,UAEM,MC,2162
496,Margarita Martinez,IPN,ING,360
497,Laura Ortiz,IPN,LIC,282
498,Andrea Vargas,UPMOR,LIC,455
499,Beatriz Aguilar,IPN,MTI,944
500,Paola Cruz,UPMOR,DRA,946
501,Natalia Vega,UNAM,ING,1785
502,Hector Perez,UTEZ,MTI,1225
503,Valeria Molina,UPMOR,MC,336
504,Victor Gomez,UNAM,DR,470
505,Andrea Vargas,UTEZ,LIC,2846
506,Jesus Romero,UNAM,LIC,229
507,Hugo Cordova,UAEM,ING,527
508,Sofia Soto,UPMOR,LIC,1579
509,Andrea Escobar,UPMOR,LIC,2867
510,Maria Castro,ITZ,MC,2590
511,Paola Dominguez,UAEM,DRA,176
512,Raul Herrera,UNAM,DR,2041
513,Elena Sanchez,IPN,LIC,600
514,Valeria Reyes,ITZ,DR,2249
515,Gabriela Rojas,UNAM,DRA,677
516,Gael Mendoza,UNAM,DR,2178
517,Adriana Delgado,UTEZ,DRA,291
518,Patricia Garza,UAEM,LIC,152
519,Julio Paredes,ITZ,DRA,187
520,Paola Perez,UAEM,ING,2741
521,Valeria Escobar,ITZ,MC,1911
522,Alejandro Soto,UPMOR,DRA,1963
523,Eduardo Garcia,UNAM,DR,2623
524,Silvia Guzman,UPMOR,DRA,2303
525,Natalia Reyes,ITZ,ING,2669
526,Teresa Chavez,ITZ,LIC,2107
527,Javier Diaz,UTEZ,LIC,2825
528,Carolina Morales,UPMOR,LIC,1227
529,Rumualdo Perez,UAEM,MC,2421
530,Victor Mendoza,UAEM,DR,1731
531,Elena Silva,UNAM,MC,2807
532,Jorge Dominguez,UPMOR,LIC,127
533,Ana Castillo,IPN,DRA,1833
534,Patricia Sosa,IPN,DR,893
535,Jorge Avila,IPN,DRA,738
536,Ana Munoz,UTEZ,MC,678
537,Sofia Munoz,UPMOR,DRA,2915
538,Rafael Castillo,UNAM,MTI,1073
539,Leticia Cabrera,UAEM,DR,868
540,Jose Salazar,ITZ,MTI,499
541,Beatriz Campos,UTEZ,MTI,1474
542,Patricia Mejia,UAEM,ING,1507
543,Margarita Munoz,IPN,LIC,2152
544,Paola Valencia,ITZ,DR,2355
545,Lorena Rodriguez,UTEZ,DRA,2500
546,Esteban Lopez,UPMOR,ING,1945
547,Ana Rodriguez,IPN,DR,2111
548,Diana Cortes,UPMOR,ING,239
549,Beatriz Medina,UTEZ,ING,2052
550,Hector Chavez,UAEM,DR,939
551,Ricardo Paredes,ITZ,DRA,1953
552,Javier Guzman,UNAM,DRA,2324
553,Paola Escobar,UTEZ,ING,2338
554,Eduardo Soto,UAEM,DRA,1983
555,Andrea Delgado,UPMOR,DR,2578
556,Beatriz Gomez,UAEM,DRA,297
557,Jose Romero,UTEZ,MTI,1461
558,Oscar Rios,UPMOR,LIC,2343
559,Ricardo Mejia,IPN,MC,2555
560,Elena Ramos,IPN,ING,2059
561,Lorena Sosa,UNAM,DRA,2518
562,Diana Morales,UNAM,ING,486
563,Martin Garza,UTEZ,MTI,1946
564,Paola Castillo,UNAM,DR,2858
565,Elena Molina,UTEZ,DRA,583
566,Miguel Chavez,ITZ,DRA,2561
567,Carolina Gonzalez,UPMOR,DR,679
568,Lorena Sanchez,UAEM,MTI,391
569,Natalia Gutierrez,IPN,DR,1913
570,Martha Garcia,UTEZ,DR,588
571,Carlos Garcia,UAEM,DRA,544
572,Paola Mendez,IPN,DR,2405
573,Paola Rodriguez,IPN,ING,2994
574,Arturo Cruz,IPN,MTI,214
575,Monica Ramirez,IPN,LIC,2626
576,Silvia Romero,ITZ,MTI,1320
577,Miguel Medina,UAEM,LIC,1913
578,Victor Chavez,IPN,DRA,917
579,Gabriela Perez,ITZ,MC,712
580,Manuel Flores,UPMOR,MC,1956
581,Claudia Silva,UNAM,MC,2083
582,Esteban Chavez,UTEZ,MTI,1792
583,Manuel Cordova,UAEM,ING,2691
584,Pedro Avila,ITZ,MTI,623
585,Silvia Gomez,UTEZ,ING,2887
586,Hugo Hernandez,ITZ,LIC,1433
587,Jose Gonzalez,ITZ,DRA,2794
588,Lucia Delgado,ITZ,ING,321
589,Arturo Vargas,ITZ,MTI,2637
590,Monica Vargas,UPMOR,ING,2495
591,Arturo Cordova,UTEZ,MC,2461
592,Beatriz Cervantes,UPMOR,LIC,2711
593,Jorge Velazquez,UAEM,ING,2846
594,Patricia Vargas,UPMOR,DRA,625
595,Rumualdo Martinez,UPMOR,ING,2591
596,Miguel Cortes,ITZ,MTI,2078
597,Martha Campos,ITZ,MC,1394
598,Raul Perez,UAEM,MC,2455
599,Laura Salazar,UAEM,MTI,501
600,Claudia Bautista,UTEZ,LIC,2754
601,Luis Maldonado,UNAM,LIC,105
602,Hector Ortiz,UAEM,MC,2707
603,Sofia Dominguez,UAEM,ING,1766
604,Margarita Molina,UAEM,DRA,335
605,Daniela Cruz,UTEZ,ING,2190
606,Laura Vargas,ITZ,MTI,2667
607,Silvia Diaz,UNAM,DR,1340
608,Laura Cortes,UNAM,DRA,2335
609,Elena Bautista,UTEZ,LIC,815
610,Esteban Lopez,UAEM,ING,731
611,Monica Avila,UPMOR,ING,1061
612,Javier Lara,UNAM,DRA,2631
613,Ricardo Espinoza,UTEZ,DR,6
614,Oscar Aguilar,UTEZ,DRA,1701
615,Diana Rojas,UPMOR,DR,492
616,Diana Cordova,UTEZ,DR,1511
617,Jose Avila,IPN,DRA,2551
618,Lorena Guzman,UAEM,DR,731
619,Sofia Ortiz,ITZ,DR,768
620,Alejandro Vega,UTEZ,LIC,641
621,Claudia Medina,UPMOR,ING,754
622,Gerardo Aguilar,IPN,MTI,2479
623,Carmen Munoz,UPMOR,MC,1259
624,Alejandro Rodriguez,UTEZ,MTI,138
625,Teresa Aguilar,UNAM,LIC,2748
626,Sofia Rojas,UAEM,ING,329
627,Alejandro Dominguez,ITZ,MC,1957
628,Margarita Medina,IPN,ING,1539
629,Beatriz Vega,UPMOR,ING,2187
630,Susana Vargas,ITZ,MTI,262
631,Diego Gonzalez,ITZ,LIC,2930
632,Paola Martinez,UPMOR,LIC,249
633,Manuel Ortiz,IPN,MC,145
634,Adriana Hernandez,IPN,MTI,2321
635,Jesus Delgado,UAEM,LIC,1249
636,Antonio Guzman,ITZ,DRA,928
637,Diego Martinez,UTEZ,DRA,235
638,Diana Molina,ITZ,MC,193
639,Julio Diaz,ITZ,LIC,491
640,Ana Cruz,UTEZ,ING,2731
641,Rosa Gomez,UNAM,ING,2428
642,Hugo Bautista,ITZ,MC,129
643,Manuel Sosa,ITZ,DRA,26
644,Javier Flores,IPN,LIC,2070
645,Lucia Dominguez,UAEM,DRA,2511
646,Laura Campos,UPMOR,MC,583
647,Jose Munoz,UTEZ,MC,2557
648,Silvia Morales,UPMOR,DR,1188
649,Carlos Campos,UAEM,ING,898
650,Esteban Chavez,UTEZ,LIC,757
651,Claudia Gutierrez,UNAM,DRA,2901
652,Natalia Lara,ITZ,DRA,1796
653,Andrea Diaz,UAEM,LIC,1478
654,Eduardo Bautista,ITZ,MC,1159
655,Monica Espinoza,UTEZ,MTI,208
656,Roberto Escobar,UNAM,DRA,1574
657,Victor Ramirez,UPMOR,DRA,1185
658,Martin Rojas,IPN,MTI,2064
659,Silvia Gonzalez,UTEZ,DR,2801
660,Valeria Ramirez,UNAM,ING,1350
661,Lorena Garza,UAEM,ING,2054
662,Ruben Espinoza,UTEZ,LIC,308
663,Luis Velazquez,UTEZ,MTI,1382
664,Jorge Avila,ITZ,LIC,2445
665,Silvia Lopez,UTEZ,MTI,419
666,Pedro Rojas,IPN,LIC,277
667,Ruben Dominguez,UPMOR,MTI,757
668,Jose Aguilar,UTEZ,DR,874
669,Ruben Mendoza,IPN,MTI,2708
670,Raul Cortes,ITZ,ING,417
671,Martha Espinoza,UNAM,DR,2356
672,Diego Flores,UPMOR,MTI,5
673,Francisco Lara,UAEM,DRA,2375
674,Ricardo Vargas,UAEM,MTI,1130
675,Carmen Aguilar,ITZ,LIC,1929
676,Julio Ramos,UTEZ,DR,678
677,Antonio Diaz,UNAM,DRA,962
678,Teresa Gomez,UPMOR,DR,2673
679,Lorena Delgado,UAEM,ING,1602
680,Natalia Sanchez,UPMOR,MC,1887
681,Jesus Campos,IPN,DRA,326
682,Esteban Flores,ITZ,MTI,347
683,Gabriela Silva,IPN,ING,537
684,Gabriela Mejia,ITZ,DR,2022
685,Luis Cordova,ITZ,DR,2867
686,Monica Molina,ITZ,LIC,1909
687,Sofia Salazar,IPN,DRA,938
688,Adriana Maldonado,UNAM,ING,2282
689,Diana Morales,ITZ,MC,1876
690,Ruben Castro,UAEM,MC,2324
691,Diana Romero,ITZ,MC,274
692,Susana Flores,IPN,DRA,1740
693,Luis Valencia,IPN,MTI,1036
694,Andrea Castro,UAEM,ING,2725
695,Lorena Salazar,UTEZ,LIC,632
696,Javier Gomez,ITZ,LIC,567
697,Esteban Castro,ITZ,LIC,402
698,Raul Vega,UTEZ,DRA,498
699,Daniela Sanchez,UAEM,DR,1698
700,Adriana Velazquez,ITZ,DR,2788
701,Sofia Soto,UAEM,DR,2231
702,Patricia Perez,ITZ,MTI,629
703,Adriana Morales,ITZ,MTI,1277
704,Julio Velazquez,UPMOR,LIC,2764
705,Diego Silva,UTEZ,DR,1280
706,Arturo Velazquez,UTEZ,DRA,1732
707,Manuel Rios,IPN,MTI,802
708,Lucia Rojas,UAEM,ING,1523
709,Gerardo Gomez,UPMOR,MC,1747
710,Martha Maldonado,UAEM,DR,1447
711,Esteban Paredes,IPN,LIC,678
712,Adriana Campos,UPMOR,ING,754
713,Roberto Romero,UNAM,MTI,2870
714,Natalia Cabrera,UAEM,ING,1291
715,Elena Delgado,UTEZ,MC,933
716,Adriana Gomez,IPN,LIC,1500
717,Diana Paredes,UNAM,DR,1417
718,Carlos Flores,UNAM,LIC,89
719,Daniela Soto,UPMOR,MTI,417
720,Jesus Morales,UPMOR,LIC,1031
721,Andrea Medina,UTEZ,MTI,1559
722,Carlos Chavez,UAEM,MC,521
723,Ana Rodriguez,IPN,ING,1873
724,Silvia Espinoza,UTEZ,DR,320
725,Gabriela Gomez,UAEM,MTI,1233
726,Claudia Dominguez,UAEM,MC,406
727,Sofia Cortes,UPMOR,ING,1218
728,Martin Mejia,UNAM,DRA,2936
729,Sofia Ortiz,ITZ,ING,2241
730,Oscar Mejia,UTEZ,MTI,2449
731,Martha Hernandez,UNAM,DR,1433
732,Roberto Dominguez,UTEZ,DRA,906
733,Luis Escobar,UTEZ,DRA,43
734,Monica Valencia,UTEZ,MC,2556
735,Elena Ortiz,IPN,DR,576
736,Patricia Diaz,UPMOR,DR,287
737,Diego Gomez,UAEM,DRA,1415
738,Manuel Dominguez,UAEM,DRA,2445
739,Esteban Morales,UNAM,ING,878
740,Miguel Cervantes,ITZ,LIC,2409
741,Silvia Velazquez,IPN,MC,2875
742,Ruben Morales,UNAM,DRA,2059
743,Rafael Cervantes,UTEZ,MC,2674
744,Gael Ramos,ITZ,ING,118
745,Silvia Martinez,UPMOR,LIC,723
746,Diego Vargas,UTEZ,ING,1050
747,Ana Chavez,UAEM,DRA,1974
748,Rumualdo Diaz,UPMOR,MTI,1319
749,Beatriz Garza,IPN,ING,2872
750,Javier Romero,UAEM,ING,2985
751,Lorena Munoz,IPN,MC,2017
752,Teresa Perez,UNAM,DRA,439
753,Susana Salazar,IPN,DRA,330
754,Ricardo Avila,UAEM,MTI,226
755,Hector Vargas,UTEZ,DR,1049
756,Roberto Martinez,UAEM,DRA,310
757,Julio Bautista,UNAM,MC,924
758,Francisco Aguilar,UPMOR,LIC,2210
759,Oscar Ruiz,UAEM,LIC,2147
760,Laura Gutierrez,UTEZ,DRA,1714
761,Rosa Cervantes,UAEM,LIC,42
762,Silvia Gutierrez,UPMOR,DRA,1442
763,Lucia Cabrera,ITZ,DRA,2415
764,Julio Reyes,ITZ,LIC,30
765,Rosa Dominguez,IPN,LIC,2774
766,Gerardo Escobar,UTEZ,ING,1128
767,Patricia Cervantes,IPN,ING,2917
768,Rosa Lopez,ITZ,DR,93
769,Alejandro Sosa,UAEM,LIC,2934
770,Jose Ramos,UPMOR,LIC,1310
771,Natalia Perez,ITZ,MTI,1429
772,Roberto Rodriguez,IPN,DRA,1626
773,Ana Guzman,UPMOR,DR,1823
774,Antonio Guzman,UTEZ,DR,2747
775,Raul Medina,UNAM,LIC,2756
776,Lucia Bautista,ITZ,DRA,1025
777,Lucia Delgado,UAEM,DR,2559
778,Hector Dominguez,UAEM,ING,2483
779,Diego Diaz,UPMOR,LIC,2975
780,Jesus Maldonado,UPMOR,DRA,2333
781,Daniela Perez,IPN,DRA,421
782,Lucia Campos,ITZ,DR,2320
783,Gael Molina,UAEM,MC,1303
784,Roberto Sosa,UTEZ,LIC,1015
785,Luis Ruiz,UAEM,LIC,1880
786,Martin Garcia,UNAM,DR,557
787,Martha Salazar,UPMOR,MTI,313
788,Ana Campos,IPN,LIC,591
789,Pedro Ramirez,IPN,DR,2764
790,Raul Maldonado,UTEZ,MC,1923
791,Susana Vargas,UTEZ,ING,2594
792,Silvia Paredes,UAEM,DRA,702
793,Javier Reyes,ITZ,LIC,1327
794,Oscar Ruiz,ITZ,DRA,1612
795,Diana Garcia,UNAM,ING,2928
796,Claudia Avila,IPN,MTI,483
797,Francisco Espinoza,UAEM,MTI,625
798,Arturo Munoz,ITZ,MTI,1432
799,Julio Soto,UPMOR,MC,1323
800,Eduardo Maldonado,UAEM,DRA,1503
801,Diana Sosa,UNAM,MC,335
802,Jose Gutierrez,ITZ,LIC,2644
803,Roberto Cortes,UTEZ,DR,2766
804,Leticia Ramos,UPMOR,DR,455
805,Martin Mendoza,UAEM,DRA,2905
806,Javier Medina,UTEZ,DRA,2373
807,Margarita Rojas,UPMOR,DR,1625
808,Paola Mejia,UTEZ,MTI,2494
809,Adriana Castillo,UTEZ,MTI,2602
810,Patricia Ramos,ITZ,ING,162
811,Eduardo Medina,UPMOR,DR,241
812,Julio Garcia,UNAM,MTI,307
813,Gabriela Cordova,UNAM,MC,676
814,Hugo Bautista,UAEM,MTI,2903
815,Daniela Sanchez,UPMOR,ING,2998
816,Gerardo Herrera,UTEZ,MC,1904
817,Raul Molina,UAEM,MTI,920
818,Eduardo Silva,UAEM,MTI,1339
819,Miguel Cervantes,IPN,DR,2689
820,Sofia Mejia,IPN,DR,2773
821,Diego Campos,UPMOR,MC,2971
822,Jesus Rojas,UTEZ,LIC,1865
823,Luis Ortiz,UNAM,DRA,1563
824,Paola Rodriguez,UNAM,ING,1272
825,Alejandro Velazquez,UNAM,ING,1088
826,Oscar Diaz,UAEM,MC,2498
827,Alejandro Guzman,ITZ,DR,1168
828,Diego Guzman,UNAM,MTI,2078
829,Fernando Escobar,IPN,DR,1727
830,Manuel Sosa,UAEM,LIC,498
831,Ana Herrera,ITZ,MTI,1344
832,Gabriela Mendez,UAEM,MTI,585
833,Fernando Mendez,UPMOR,MC,2849
834,Maria Herrera,IPN,DR,224
835,Lucia Morales,UPMOR,ING,814
836,Rumualdo Navarro,IPN,DRA,2375
837,Adriana Vega,ITZ,MTI,1899
838,Carmen Silva,IPN,DR,1879
839,Javier Mejia,UTEZ,MC,2952
840,Jose Lopez,UTEZ,DRA,2027
841,Rafael Ruiz,UTEZ,DR,2238
842,Gabriela Garcia,ITZ,DR,659
843,Lucia Gonzalez,UPMOR,ING,1156
844,Diego Maldonado,IPN,ING,271
845,Gael Hernandez,UNAM,MTI,591
846,Elena Ramirez,ITZ,DR,606
847,Arturo Lopez,UTEZ,MC,533
848,Jose Sosa,UTEZ,DR,684
849,Fernando Molina,UAEM,ING,2980
850,Teresa Rojas,ITZ,MTI,1728
851,Rafael Silva,ITZ,DR,494
852,Andrea Garza,ITZ,LIC,2993
853,Raul Castro,UTEZ,DR,892
854,Miguel Navarro,IPN,MC,2386
855,Victor Ruiz,UAEM,DRA,2250
856,Leticia Cabrera,UAEM,DRA,2285
857,Raul Martinez,UTEZ,LIC,1063
858,Susana Sosa,IPN,MTI,1446
859,Ana Cordova,IPN,MC,2039
860,Miguel Salazar,ITZ,MC,2098
861,Gerardo Campos,IPN,LIC,451
862,Rumualdo Sosa,UTEZ,ING,543
863,Sofia Munoz,IPN,MTI,2631
864,Gael Ramirez,IPN,DR,1570
865,Julio Cruz,UNAM,DR,225
866,Oscar Martinez,UTEZ,DR,1834
867,Lucia Gomez,UAEM,ING,1883
868,Ana Silva,UNAM,MTI,1955
869,Rafael Morales,UAEM,DRA,1689
870,Carlos Martinez,UTEZ,LIC,2988
871,Carmen Guzman,UNAM,ING,1443
872,Diana Espinoza,ITZ,ING,2685
873,Teresa Rios,ITZ,LIC,2219
874,Carolina Aguilar,UPMOR,DRA,524
875,Gael Medina,UNAM,DRA,2613
876,Valeria Mejia,UNAM,MC,1600
877,Lucia Gonzalez,UTEZ,MC,1566
878,Veronica Cabrera,UPMOR,MTI,183
879,Carlos Dominguez,ITZ,DR,462
880,Patricia Sosa,UNAM,MC,1891
881,Alejandro Hernandez,UTEZ,ING,203
882,Fernando Gomez,UNAM,LIC,1711
883,Jorge Diaz,UNAM,ING,950
884,Jesus Avila,UAEM,DRA,1029
885,Hector Sanchez,ITZ,DRA,988
886,Raul Velazquez,ITZ,MTI,1005
887,Arturo Reyes,UTEZ,MC,1478
888,Gael Vega,UNAM,DR,66
889,Hugo Mendoza,ITZ,DRA,1181
890,Leticia Garza,IPN,DRA,802
891,Daniela Campos,UPMOR,ING,997
892,Lorena Gomez,UPMOR,DRA,637
893,Antonio Cortes,ITZ,DR,511
894,Carlos Salazar,ITZ,LIC,2563
895,Gabriela Molina,UNAM,DR,975
896,Jose Cruz,IPN,ING,127
897,Hugo Flores,ITZ,MC,2973
898,Alejandro Morales,ITZ,ING,1087
899,Victor Perez,UPMOR,ING,1276
900,Andrea Rodriguez,UTEZ,MTI,601
901,Andrea Mejia,UNAM,DRA,1613
902,Jesus Delgado,UNAM,DR,2873
903,Alejandro Sanchez,UNAM,DR,2939
904,Laura Chavez,UAEM,DRA,288
905,Roberto Escobar,IPN,ING,105
906,Jorge Ramirez,UPMOR,MTI,1818
907,Rosa Mejia,UAEM,DR,128
908,Monica Cruz,UTEZ,LIC,1294
909,Antonio Ortiz,ITZ,ING,2048
910,Roberto Medina,UTEZ,LIC,2557
911,Claudia Velazquez,UTEZ,ING,1023
912,Martin Mendez,UTEZ,ING,381
913,Pedro Bautista,UPMOR,DR,519
914,Esteban Castro,ITZ,DR,2850
915,Ricardo Ramos,UAEM,MC,202
916,Roberto Mendoza,ITZ,LIC,2326
917,Ana Garcia,UNAM,DR,94
918,Susana Molina,UTEZ,MTI,2322
919,Carmen Aguilar,UTEZ,DR,2324
920,Eduardo Romero,IPN,MC,36
921,Ricardo Guzman,ITZ,LIC,2373
922,Alejandro Medina,UPMOR,DRA,2497
923,Alejandro Rojas,IPN,DR,2388
924,Jose Vega,UNAM,MC,1778
925,Ana Espinoza,UNAM,DR,2032
926,Natalia Maldonado,IPN,ING,517
927,Roberto Diaz,UNAM,DRA,2771
928,Javier Escobar,UAEM,ING,849
929,Teresa Bautista,UAEM,LIC,1839
930,Paola Navarro,UNAM,MC,2825
931,Antonio Silva,UNAM,DRA,2066
932,Patricia Perez,IPN,ING,2509
933,Rumualdo Romero,UTEZ,DR,1379
934,Rosa Herrera,ITZ,MTI,1303
935,Natalia Martinez,UTEZ,ING,48
936,Patricia Mendoza,UAEM,DRA,546
937,Susana Aguilar,ITZ,DRA,1469
938,Diego Mendez,UAEM,DRA,633
939,Eduardo Cortes,UNAM,MTI,2847
940,Adriana Rios,ITZ,MTI,994
941,Rosa Cruz,IPN,DR,2165
942,Pedro Diaz,ITZ,MC,904
943,Veronica Garza,UAEM,DR,259
944,Andrea Garcia,ITZ,ING,1204
945,Claudia Delgado,UNAM,LIC,194
946,Veronica Mendoza,UAEM,DRA,2150
947,Rafael Mejia,UAEM,ING,1692
948,Javier Herrera,ITZ,DR,2430
949,Alejandro Silva,UPMOR,MTI,2704
950,Gabriela Cortes,UTEZ,MTI,717
951,Silvia Vega,IPN,DR,2847
952,Gabriela Cruz,ITZ,DRA,616
953,Gabriela Guzman,UNAM,ING,1819
954,Martha Ruiz,UTEZ,MTI,2159
955,Carolina Perez,UNAM,DRA,2927
956,Rosa Perez,UNAM,DRA,2663
957,Natalia Romero,ITZ,DR,56
958,Susana Ruiz,UPMOR,DR,2338
959,Carlos Vega,ITZ,DR,2176
960,Carolina Bautista,UTEZ,MTI,886
961,Arturo Castillo,UPMOR,DR,1818
962,Esteban Martinez,UNAM,MC,2689
963,Rosa Ortiz,UAEM,DRA,1230
964,Carolina Molina,UAEM,MTI,2727
965,Javier Rios,UNAM,MTI,2659
966,Diego Cabrera,UNAM,MC,401
967,Laura Chavez,UNAM,LIC,2896
968,Julio Cabrera,UNAM,DRA,2698
969,Daniela Valencia,IPN,ING,867
970,Roberto Aguilar,UTEZ,ING,1703
971,Lucia Martinez,ITZ,ING,2578
972,Valeria Garza,ITZ,MC,2500
973,Luis Cortes,UNAM,LIC,842
974,Rumualdo Valencia,UAEM,ING,1139
975,Jose Sosa,UAEM,MTI,2362
976,Monica Garza,UTEZ,MTI,866
977,Teresa Reyes,UPMOR,MTI,585
978,Fernando Navarro,ITZ,MTI,2070
979,Rosa Rodriguez,ITZ,LIC,655
980,Claudia Lara,ITZ,LIC,2235
981,Oscar Maldonado,UAEM,DR,2457
982,Gabriela Paredes,UAEM,DR,21
983,Claudia Delgado,IPN,DR,1819
984,Ruben Munoz,UTEZ,MC,1882
985,Julio Ruiz,UTEZ,LIC,1151
986,Elena Paredes,UPMOR,DR,728
987,Jesus Romero,UPMOR,MTI,1062
988,Luis Rios,UAEM,DR,2550
989,Daniela Ortiz,UTEZ,DRA,1250
990,Oscar Sanchez,UPMOR,DR,1348
991,Claudia Cordova,UTEZ,MTI,1559
992,Victor Perez,UTEZ,MC,2028
993,Gerardo Sosa,UTEZ,ING,299
994,Silvia Lara,ITZ,LIC,1071
995,Pedro Perez,UPMOR,DRA,825
996,Alejandro Delgado,UAEM,MC,2767
997,Gabriela Paredes,IPN,DR,2625
998,Claudia Salazar,UAEM,MC,2073
999,Lorena Aguilar,UPMOR,LIC,1930
1000,Gabriela Cruz,UTEZ,LIC,1956
1001,Roberto Espinoza,UTEZ,DR,2856
1002,Oscar Morales,UTEZ,DR,2874
1003,Ruben Rojas,UTEZ,DRA,747
1004,Leticia Sosa,UPMOR,MTI,2141
1005,Carlos Silva,UNAM,DRA,815
1006,Gael Cortes,UPMOR,MC,747
1007,Daniela Munoz,ITZ,DRA,1880
1008,Jose Avila,UPMOR,MTI,2528
1009,Ricardo Rojas,IPN,DRA,2007
1010,Rosa Diaz,UNAM,ING,1907
1011,Silvia Cordova,UNAM,DRA,1036
1012,Alejandro Hernandez,UPMOR,DRA,1378
1013,Lorena Munoz,UPMOR,LIC,1429
1014,Jesus Vargas,UPMOR,MTI,1518
1015,Oscar Cruz,UTEZ,LIC,2849
1016,Silvia Reyes,ITZ,DRA,760
1017,Ricardo Ortiz,UAEM,DR,1690
1018,Daniela Castillo,IPN,DRA,885
1019,Sofia Gonzalez,IPN,ING,2127
1020,Miguel Mejia,UNAM,MC,1888
1021,Lorena Castro,UAEM,DRA,2733
1022,Pedro Gonzalez,ITZ,MTI,1435
1023,Manuel Herrera,UNAM,MC,497
1024,Elena Cortes,IPN,DRA,2545
1025,Miguel Hernandez,IPN,DR,646
1026,Monica Ortiz,ITZ,DRA,35
1027,Sofia Dominguez,UPMOR,MC,2537
1028,Teresa Mendez,UPMOR,MC,50
1029,Ana Soto,UPMOR,LIC,95
1030,Monica Garcia,IPN,MTI,300
1031,Victor Chavez,IPN,DRA,1578
1032,Sofia Reyes,ITZ,MTI,30
1033,Sofia Vargas,UPMOR,DR,1763
1034,Carlos Cruz,IPN,MC,2278
1035,Jorge Martinez,UAEM,DR,1302
1036,Elena Silva,UTEZ,DRA,334
1037,Arturo Salazar,ITZ,ING,1645
1038,Julio Ortiz,IPN,LIC,1147
1039,Carolina Ramirez,UNAM,MC,1631
1040,Rafael Hernandez,UNAM,DRA,118
1041,Francisco Espinoza,UPMOR,DRA,2908
1042,Sofia Maldonado,IPN,DR,885
1043,Rumualdo Campos,UPMOR,DR,2417
1044,Luis Rios,UAEM,MTI,2781
1045,Patricia Flores,IPN,MTI,815
1046,Margarita Rojas,IPN,MTI,1695
1047,Gerardo Hernandez,UNAM,ING,10
1048,Ricardo Mendoza,UTEZ,DR,1765
1049,Eduardo Gonzalez,UAEM,DR,359
1050,Victor Gonzalez,UAEM,DRA,380
1051,Roberto Ortiz,UNAM,DR,523
1052,Monica Soto,UNAM,LIC,1124
1053,Adriana Maldonado,UNAM,LIC,194
1054,Hector Mejia,IPN,MTI,2442
1055,Patricia Sanchez,ITZ,MTI,1068
1056,Raul Lopez,ITZ,MTI,2827
1057,Beatriz Martinez,IPN,DRA,1297
1058,Luis Rios,IPN,MTI,295
1059,Hector Mendoza,UTEZ,DR,2548
1060,Daniela Garza,ITZ,LIC,1450
1061,Oscar Chavez,UAEM,ING,2415
1062,Victor Mendoza,UPMOR,ING,858
1063,Lorena Ramos,UPMOR,LIC,2383
1064,Martin Campos,UPMOR,LIC,2908
1065,Miguel Silva,UTEZ,ING,2635
1066,Jorge Campos,UTEZ,MC,2015
1067,Pedro Garcia,UTEZ,ING,86
1068,Fernando Paredes,ITZ,LIC,1566
1069,Susana Ramos,UAEM,LIC,1395
1070,Rosa Cordova,UNAM,LIC,2142
1071,Claudia Garza,UPMOR,DR,1667
1072,Carmen Perez,IPN,LIC,2111
1073,Ricardo Cortes,IPN,LIC,2826
1074,Maria Guzman,ITZ,MTI,2171
1075,Luis Medina,ITZ,DRA,466
1076,Lucia Molina,UNAM,ING,2142
1077,Rumualdo Guzman,UAEM,ING,469
1078,Ruben Paredes,ITZ,DRA,2593
1079,Natalia Cabrera,UAEM,DR,1349
1080,Francisco Vega,ITZ,MTI,502
1081,Martha Vega,IPN,LIC,2289
1082,Patricia Ramirez,UTEZ,DRA,1973
1083,Miguel Munoz,UNAM,DRA,900
1084,Jesus Romero,IPN,DR,2080
1085,Fernando Ramos,UAEM,DR,1494
1086,Natalia Silva,UNAM,DRA,1489
1087,Jesus Cortes,UNAM,DRA,2483
1088,Pedro Ruiz,UNAM,MTI,126
1089,Julio Rodriguez,UNAM,LIC,875
1090,Diana Garza,UTEZ,MTI,606
1091,Patricia Castillo,UPMOR,LIC,1484
1092,Lucia Rojas,UPMOR,MTI,740
1093,Susana Escobar,UAEM,DR,1998
1094,Silvia Soto,UTEZ,DRA,478
1095,Natalia Flores,UTEZ,DRA,204
1096,Andrea Valencia,ITZ,DR,2901
1097,Patricia Hernandez,UPMOR,DRA,2965
1098,Esteban Rodriguez,IPN,DR,677
1099,Ricardo Valencia,ITZ,MTI,2362
1100,Lorena Mendoza,UTEZ,ING,1076
1101,Sofia Cortes,ITZ,LIC,853
1102,Valeria Salazar,UAEM,MTI,2392
1103,Carolina Lara,UTEZ,MTI,1779
1104,Oscar Aguilar,UPMOR,DRA,219
1105,Elena Maldonado,UAEM,MC,1965
1106,Jesus Delgado,UNAM,LIC,2534
1107,Sofia Herrera,UNAM,ING,1348
1108,Leticia Rodriguez,IPN,MC,1325
1109,Martha Garza,ITZ,DRA,755
1110,Lorena Mendez,ITZ,ING,175
1111,Alejandro Gonzalez,UTEZ,MC,200
1112,Manuel Mejia,UPMOR,DR,979
1113,Hugo Cortes,IPN,DRA,562
1114,Roberto Castro,UTEZ,DR,311
1115,Gerardo Valencia,ITZ,MTI,2875
1116,Jesus Garza,UTEZ,ING,627
1117,Veronica Lopez,IPN,DRA,2356
1118,Andrea Paredes,UTEZ,DR,2321
1119,Adriana Aguilar,IPN,DR,1885
1120,Gerardo Munoz,UNAM,DRA,2785
1121,Ricardo Rodriguez,UTEZ,DR,706
1122,Adriana Castro,UTEZ,ING,1441
1123,Hector Diaz,UAEM,LIC,1073
1124,Antonio Cervantes,UAEM,LIC,74
1125,Diego Perez,IPN,ING,724
1126,Esteban Cruz,IPN,ING,1825
1127,Rumualdo Campos,ITZ,DR,1548
1128,Gael Medina,ITZ,ING,170
1129,Rafael Ortiz,IPN,LIC,283
1130,Martin Medina,ITZ,DRA,1054
1131,Francisco Aguilar,IPN,ING,291
1132,Gabriela Valencia,UAEM,ING,288
1133,Antonio Cordova,UAEM,ING,808
1134,Hugo Mendoza,IPN,MC,961
1135,Diana Cortes,ITZ,MTI,1106
1136,Julio Molina,UNAM,MTI,149
1137,Luis Herrera,UPMOR,DR,2402
1138,Martin Salazar,UPMOR,DR,945
1139,Veronica Molina,UAEM,DR,997
1140,Silvia Escobar,UPMOR,MTI,2789
1141,Victor Reyes,UAEM,LIC,355
1142,Antonio Sosa,UPMOR,MC,2408
1143,Javier Dominguez,ITZ,DRA,1737
1144,Eduardo Garcia,IPN,DR,1831
1145,Oscar Cabrera,IPN,LIC,225
1146,Hector Gonzalez,UTEZ,DRA,2568
1147,Lucia Perez,UAEM,DRA,2488
1148,Daniela Espinoza,UNAM,MTI,963
1149,Sofia Salazar,IPN,DR,48
1150,Carmen Ortiz,IPN,LIC,1720
1151,Silvia Chavez,UPMOR,DRA,1341
1152,Esteban Rodriguez,UTEZ,LIC,790
1153,Monica Castro,IPN,ING,315
1154,Leticia Escobar,UPMOR,DR,2664
1155,Andrea Garcia,IPN,DRA,1450
1156,Ricardo Espinoza,IPN,LIC,2751
1157,Claudia Valencia,IPN,DR,319
1158,Rosa Ortiz,UTEZ,MC,1687
1159,Monica Silva,UPMOR,MTI,1132
1160,Monica Paredes,ITZ,DR,275
1161,Veronica Cruz,UNAM,MTI,1418
1162,Victor Vargas,UTEZ,MTI,2536
1163,Beatriz Cervantes,UTEZ,DRA,997
1164,Silvia Cervantes,ITZ,MTI,317
1165,Victor Rojas,UAEM,DRA,2759
1166,Martin Gonzalez,UAEM,LIC,1180
1167,Lucia Vargas,UAEM,DR,542
1168,Carmen Sosa,UTEZ,DR,1495
1169,Ana Molina,UPMOR,DR,566
1170,Jose Gonzalez,UPMOR,DRA,1718
1171,Martin Rojas,UTEZ,DR,322
1172,Raul Soto,UTEZ,DRA,251
1173,Teresa Vargas,ITZ,LIC,649
1174,Martha Romero,UNAM,ING,103
1175,Manuel Munoz,UPMOR,MC,1575
1176,Esteban Rodriguez,ITZ,MTI,1790
1177,Sofia Sosa,ITZ,MC,868
1178,Susana Sosa,UPMOR,DRA,392
1179,Elena Mendez,IPN,DRA,39
1180,Martin Aguilar,ITZ,DR,1625
1181,Natalia Mendoza,UNAM,MTI,1590
1182,Carolina Guzman,IPN,DR,2308
1183,Oscar Gonzalez,ITZ,DR,313
1184,Martha Reyes,ITZ,ING,1200
1185,Veronica Ramirez,UPMOR,LIC,2533
1186,Margarita Munoz,UPMOR,DR,599
1187,Lorena Campos,UTEZ,DRA,2916
1188,Miguel Castillo,IPN,DRA,505
1189,Antonio Dominguez,IPN,MC,264
1190,Miguel Paredes,ITZ,DR,2871
1191,Elena Mendez,UPMOR,MC,876
1192,Paola Aguilar,UPMOR,MC,1898
1193,Javier Campos,UTEZ,LIC,1943
1194,Antonio Vega,UAEM,LIC,2113
1195,Claudia Escobar,UTEZ,DR,1308
1196,Oscar Castillo,UTEZ,DR,1254
1197,Fernando Cabrera,IPN,MC,660
1198,Luis Salazar,IPN,LIC,1262
1199,Paola Espinoza,UNAM,ING,1262
1200,Oscar Mendoza,UTEZ,ING,1977
1201,Laura Hernandez,ITZ,ING,1213
1202,Margarita Guzman,UNAM,ING,786
1203,Esteban Mendoza,UNAM,DR,1412
1204,Victor Mendoza,UNAM,DR,2393
1205,Lorena Avila,UNAM,ING,1187
1206,Ana Cortes,ITZ,LIC,2120
1207,Susana Garza,IPN,DRA,2078
1208,Antonio Ramos,UNAM,MC,2083
1209,Diego Ruiz,IPN,DRA,2444
1210,Gael Rodriguez,ITZ,LIC,2376
1211,Raul Maldonado,UTEZ,MC,1244
1212,Lorena Diaz,ITZ,ING,459
1213,Martin Medina,UAEM,DRA,338
1214,Carlos Ruiz,UPMOR,ING,547
1215,Leticia Silva,UAEM,DR,2835
1216,Sofia Lara,UTEZ,ING,2126
1217,Diego Vega,UTEZ,DR,1499
1218,Sofia Diaz,IPN,DR,2258
1219,Elena Ramirez,ITZ,MTI,114
1220,Gael Paredes,IPN,ING,479
1221,Ruben Molina,UNAM,ING,2074
1222,Martha Gonzalez,UAEM,LIC,1710
1223,Julio Sosa,IPN,DR,699
1224,Andrea Rodriguez,IPN,DRA,2604
1225,Diego Hernandez,UPMOR,LIC,682
1226,Diana Gomez,UNAM,ING,2827
1227,Teresa Romero,IPN,LIC,2183
1228,Claudia Cervantes,UAEM,DR,2339
1229,Arturo Diaz,UPMOR,DR,653
1230,Silvia Lara,UPMOR,DRA,29
1231,Lorena Chavez,UPMOR,MTI,249
1232,Jorge Dominguez,UTEZ,MTI,424
1233,Martin Martinez,UNAM,MC,630
1234,Diego Castillo,UNAM,DRA,2609
1235,Rosa Flores,IPN,ING,2022
1236,Rafael Velazquez,IPN,DR,1600
1237,Esteban Morales,UNAM,MTI,1175
1238,Diana Cortes,UAEM,MTI,1538
1239,Ruben Espinoza,UTEZ,MTI,2476
1240,Oscar Cabrera,UTEZ,DRA,2579
1241,Hugo Rodriguez,ITZ,MTI,497
1242,Carlos Guzman,UAEM,MC,1831
1243,Gabriela Gomez,ITZ,DR,2441
1244,Margarita Maldonado,UTEZ,MC,748
1245,Jesus Vargas,UTEZ,DR,1065
1246,Andrea Castro,UNAM,LIC,2600
1247,Raul Morales,UPMOR,MC,81
1248,Rumualdo Ortiz,UAEM,MTI,1394
1249,Diego Ramos,UAEM,MTI,311
1250,Rumualdo Soto,IPN,MC,380
1251,Leticia Flores,UNAM,ING,2993
1252,Luis Ortiz,UAEM,DRA,1959
1253,Fernando Guzman,UNAM,DRA,2632
1254,Roberto Perez,UAEM,MC,2251
1255,Beatriz Ortiz,UAEM,DR,620
1256,Victor Garcia,IPN,LIC,1194
1257,Roberto Hernandez,UNAM,LIC,599
1258,Esteban Sosa,IPN,MC,991
1259,Martin Vega,UPMOR,LIC,2602
1260,Miguel Martinez,IPN,ING,1896
1261,Andrea Lopez,UPMOR,MC,807
1262,Silvia Delgado,ITZ,LIC,636
1263,Jose Chavez,UNAM,LIC,2061
1264,Lucia Valencia,UPMOR,ING,1216
1265,Miguel Reyes,UNAM,ING,1196
1266,Lorena Garcia,IPN,MTI,2033
1267,Beatriz Garcia,UAEM,MC,197
1268,Hector Cervantes,ITZ,MTI,2586
1269,Maria Gomez,UNAM,DRA,1885
1270,Miguel Hernandez,IPN,ING,1861
1271,Veronica Vargas,ITZ,LIC,2268
1272,Jose Ramirez,UPMOR,DR,2851
1273,Leticia Reyes,ITZ,LIC,2695
1274,Miguel Bautista,UPMOR,LIC,51
1275,Martin Campos,IPN,ING,1167
1276,Lorena Chavez,IPN,DRA,2370
1277,Javier Garcia,ITZ,MTI,721
1278,Gael Avila,UTEZ,MC,2666
1279,Martin Aguilar,UNAM,ING,512
1280,Adriana Soto,UNAM,MC,1241
1281,Jesus Diaz,UNAM,DR,2694
1282,Oscar Cortes,UNAM,DRA,582
1283,Ricardo Soto,UNAM,ING,1428
1284,Valeria Cortes,UPMOR,DR,2240
1285,Hugo Chavez,UPMOR,MTI,2858
1286,Julio Valencia,UAEM,DR,2901
1287,Ricardo Aguilar,ITZ,MC,2866
1288,Luis Medina,UPMOR,ING,2924
1289,Natalia Reyes,UTEZ,LIC,111
1290,Margarita Ramos,UAEM,DRA,1698
1291,Gerardo Ruiz,UPMOR,MC,965
1292,Ana Espinoza,UTEZ,LIC,1090
1293,Gael Valencia,UAEM,DRA,1024
1294,Ana Silva,UNAM,LIC,412
1295,Gael Gonzalez,UNAM,ING,1811
1296,Paola Bautista,UTEZ,MC,1739
1297,Laura Sosa,UAEM,ING,915
1298,Gerardo Gomez,IPN,DRA,2388
1299,Lorena Hernandez,UNAM,MTI,1844
1300,Maria Ramirez,UPMOR,MC,1942
1301,Julio Velazquez,IPN,MC,1752
1302,Adriana Gonzalez,UTEZ,DRA,974
1303,Gabriela Medina,UPMOR,DRA,2557
1304,Margarita Avila,UPMOR,LIC,2990
1305,Carlos Ramos,UNAM,MC,1801
1306,Jorge Soto,IPN,MC,2901
1307,Ruben Reyes,ITZ,MTI,2283
1308,Natalia Romero,ITZ,LIC,2153
1309,Claudia Castro,UTEZ,DRA,252
1310,Ricardo Castillo,ITZ,LIC,1960
1311,Sofia Lara,ITZ,LIC,1665
1312,Gael Chavez,UAEM,LIC,700
1313,Carmen Navarro,UAEM,DR,1347
1314,Adriana Vega,IPN,DR,2788
1315,Monica Munoz,UNAM,LIC,1341
1316,Esteban Vega,UPMOR,ING,1441
1317,Carmen Martinez,IPN,MC,1122
1318,Veronica Garza,UTEZ,MTI,471
1319,Arturo Gomez,UAEM,MTI,1185
1320,Lucia Cruz,UPMOR,ING,2621
1321,Victor Martinez,ITZ,MTI,2990
1322,Sofia Ramos,UPMOR,MTI,2381
1323,Pedro Paredes,IPN,LIC,283
1324,Alejandro Lara,UPMOR,MTI,1
1325,Julio Cabrera,UAEM,MTI,622
1326,Monica Molina,UTEZ,MC,118
1327,Patricia Aguilar,UTEZ,DRA,2022
1328,Gerardo Cabrera,IPN,MTI,2967
1329,Diana Cruz,ITZ,MC,1359
1330,Victor Mendoza,ITZ,LIC,2155
1331,Martin Guzman,UPMOR,LIC,1190
1332,Rosa Escobar,UAEM,DRA,1659
1333,Laura Munoz,ITZ,DRA,2770
1334,Oscar Aguilar,UAEM,MC,2045
1335,Martha Gomez,IPN,MTI,2536
1336,Hector Salazar,UTEZ,DR,1618
1337,Francisco Dominguez,IPN,MTI,449
1338,Jesus Avila,UNAM,MTI,2907
1339,Valeria Paredes,UPMOR,MTI,2134
1340,Margarita Avila,UPMOR,DRA,769
1341,Pedro Valencia,UAEM,MTI,919
1342,Julio Mendoza,ITZ,DR,2589
1343,Maria Ramirez,ITZ,DRA,1104
1344,Antonio Campos,UPMOR,ING,1124
1345,Arturo Romero,UTEZ,DRA,1608
1346,Lucia Mendez,UNAM,LIC,2250
1347,Rafael Cabrera,UTEZ,MC,119
1348,Francisco Mendoza,UAEM,MC,1197
1349,Jose Espinoza,IPN,LIC,1749
1350,Silvia Herrera,UPMOR,MC,1641
1351,Adriana Medina,UAEM,MTI,2810
1352,Arturo Castillo,UNAM,MC,2776
1353,Monica Cortes,UTEZ,MTI,1487
1354,Maria Cervantes,ITZ,LIC,2838
1355,Laura Chavez,UAEM,LIC,2282
1356,Jesus Reyes,UPMOR,MTI,2583
1357,Ricardo Cortes,UAEM,MTI,1059
1358,Eduardo Silva,UAEM,DR,1503
1359,Gael Castro,UPMOR,DRA,24
1360,Gerardo Bautista,UNAM,MC,1104
1361,Ricardo Cordova,UAEM,ING,657
1362,Miguel Vargas,ITZ,ING,1616
1363,Pedro Cruz,ITZ,MC,1811
1364,Laura Paredes,UAEM,DRA,2347
1365,Javier Salazar,UNAM,MTI,361
1366,Carolina Flores,IPN,DRA,881
1367,Ruben Velazquez,ITZ,DR,1170
1368,Veronica Molina,UTEZ,DR,1233
1369,Arturo Ramirez,ITZ,DRA,1792
1370,Antonio Mendoza,UAEM,DRA,2585
1371,Carmen Rojas,IPN,DRA,535
1372,Sofia Campos,UAEM,ING,190
1373,Silvia Ramos,UTEZ,LIC,1819
1374,Patricia Silva,UNAM,ING,874
1375,Hugo Martinez,UPMOR,DRA,89
1376,Rosa Maldonado,IPN,DRA,1078
1377,Miguel Garcia,IPN,DR,588
1378,Martha Castro,UNAM,DRA,2873
1379,Francisco Flores,IPN,LIC,1127
1380,Alejandro Valencia,UAEM,MC,2404
1381,Arturo Espinoza,UTEZ,MTI,2421
1382,Andrea Castillo,UAEM,MTI,2250
1383,Patricia Sanchez,IPN,ING,2406
1384,Leticia Lara,ITZ,DRA,2388
1385,Carolina Munoz,ITZ,ING,1868
1386,Teresa Romero,ITZ,DR,1790
1387,Andrea Velazquez,UTEZ,MC,224
1388,Teresa Romero,UPMOR,DRA,969
1389,Rumualdo Castro,UNAM,MC,1296
1390,Sofia Avila,UAEM,ING,672
1391,Natalia Guzman,IPN,ING,2340
1392,Arturo Cabrera,UPMOR,MC,1547
1393,Susana Garza,IPN,MTI,319
1394,Beatriz Rojas,UTEZ,DRA,650
1395,Natalia Reyes,IPN,MTI,1579
1396,Hector Paredes,UNAM,ING,1811
1397,Antonio Chavez,IPN,MTI,584
1398,Ruben Cervantes,UPMOR,DR,1584
1399,Esteban Ortiz,UTEZ,MTI,2902
1400,Raul Vargas,UNAM,MTI,676
1401,Daniela Medina,UNAM,MTI,1173
1402,Martin Gonzalez,UNAM,DR,151
1403,Carlos Espinoza,IPN,LIC,2468
1404,Daniela Ramos,UAEM,ING,1134
1405,Rumualdo Rojas,UAEM,DRA,2916
1406,Eduardo Ortiz,UPMOR,MC,2309
1407,Carlos Gutierrez,ITZ,DR,1073
1408,Margarita Delgado,UTEZ,DR,832
1409,Silvia Ruiz,UAEM,MTI,2648
1410,Natalia Morales,UTEZ,DRA,1010
1411,Diego Rojas,IPN,MC,2413
1412,Luis Valencia,UNAM,DR,2180
1413,Jorge Cervantes,ITZ,LIC,1865
1414,Maria Dominguez,IPN,DR,2894
1415,Javier Flores,ITZ,MC,2141
1416,Gerardo Cabrera,UNAM,DR,68
1417,Jose Velazquez,UPMOR,DR,2371
1418,Carolina Ramirez,UTEZ,DR,805
1419,Jorge Morales,UNAM,DRA,2753
1420,Carlos Sosa,UNAM,MTI,713
1421,Miguel Paredes,ITZ,DR,186
1422,Pedro Mendoza,UNAM,DRA,1303
1423,Ricardo Escobar,IPN,ING,2318
1424,Lorena Vega,ITZ,DRA,201
1425,Gerardo Perez,UTEZ,MTI,2506
1426,Lucia Medina,UNAM,MC,2941
1427,Gerardo Herrera,IPN,MTI,956
1428,Ana Flores,IPN,MC,81
1429,Sofia Mejia,ITZ,MC,1066
1430,Rafael Vargas,UPMOR,LIC,29
1431,Claudia Salazar,UPMOR,DR,591
1432,Julio Ruiz,UNAM,MTI,225
1433,Luis Cervantes,IPN,LIC,2685
1434,Luis Lopez,UPMOR,MC,1398
1435,Antonio Sosa,IPN,MTI,1055
1436,Ana Campos,UPMOR,MTI,1421
1437,Oscar Hernandez,UTEZ,DRA,2899
1438,Veronica Munoz,UPMOR,MC,240
1439,Jorge Reyes,IPN,DRA,1070
1440,Gael Flores,ITZ,ING,2273
1441,Gabriela Munoz,IPN,LIC,2925
1442,Silvia Cabrera,ITZ,MTI,1008
1443,Adriana Ortiz,UPMOR,LIC,1779
1444,Miguel Avila,IPN,DR,2075
1445,Maria Morales,ITZ,LIC,842
1446,Victor Navarro,UTEZ,DRA,2823
1447,Manuel Castillo,UTEZ,LIC,200
1448,Carolina Munoz,ITZ,MC,1483
1449,Lucia Gutierrez,UNAM,ING,714
1450,Roberto Maldonado,IPN,LIC,2040
1451,Susana Munoz,ITZ,ING,2397
1452,Arturo Gonzalez,ITZ,DRA,1197
1453,Susana Rojas,UAEM,DRA,1866
1454,Pedro Ortiz,IPN,LIC,1356
1455,Ana Silva,UPMOR,MC,2235
1456,Veronica Cruz,IPN,LIC,2219
1457,Leticia Gonzalez,UAEM,LIC,287
1458,Miguel Gomez,ITZ,LIC,333
1459,Diego Valencia,UAEM,ING,1062
1460,Antonio Hernandez,ITZ,MC,542
1461,Gael Cabrera,UPMOR,DR,730
1462,Manuel Gomez,ITZ,LIC,2600
1463,Martin Silva,IPN,MTI,958
1464,Arturo Salazar,IPN,MC,1389
1465,Rafael Mendoza,UPMOR,LIC,1863
1466,Miguel Chavez,UAEM,DR,1595
1467,Beatriz Munoz,UTEZ,ING,1429
1468,Esteban Lopez,IPN,MTI,2637
1469,Lorena Perez,IPN,MTI,1485
1470,Paola Chavez,IPN,MTI,2384
1471,Patricia Aguilar,UAEM,ING,1762
1472,Beatriz Escobar,UAEM,MTI,307
1473,Ana Diaz,UTEZ,DRA,712
1474,Rosa Munoz,UNAM,LIC,1556
1475,Maria Ramos,UPMOR,MC,2046
1476,Javier Vega,UAEM,LIC,2134
1477,Carlos Hernandez,UTEZ,MTI,1616
1478,Carolina Valencia,ITZ,MTI,2473
1479,Rosa Vargas,ITZ,MTI,824
1480,Gael Cortes,UNAM,DRA,1243
1481,Jose Garcia,UAEM,MTI,698
1482,Arturo Avila,UNAM,LIC,1340
1483,Silvia Cortes,UPMOR,DRA,2158
1484,Paola Medina,IPN,MC,2589
1485,Alejandro Rios,UNAM,ING,1208
1486,Natalia Escobar,UPMOR,LIC,2297
1487,Antonio Molina,IPN,MTI,1859
1488,Jose Dominguez,UTEZ,MTI,1854
1489,Hugo Ortiz,UTEZ,LIC,1590
1490,Valeria Valencia,UAEM,MTI,44
1491,Jorge Castro,UAEM,ING,231
1492,Margarita Ramos,UAEM,DRA,1237
1493,Sofia Sanchez,UTEZ,MTI,2734
1494,Teresa Reyes,UTEZ,MC,1410
1495,Diego Rodriguez,UNAM,DR,1177
1496,Gael Reyes,UNAM,DR,2113
1497,Paola Morales,UAEM,ING,2167
1498,Margarita Rojas,UTEZ,DR,1639
1499,Lorena Perez,ITZ,DRA,2946
1500,Roberto Garza,UNAM,DRA,1136
1501,Julio Cruz,UNAM,MC,798
1502,Teresa Ramirez,UTEZ,DRA,1027
1503,Rumualdo Delgado,ITZ,ING,154
1504,Francisco Dominguez,ITZ,DRA,2102
1505,Monica Rodriguez,UNAM,MC,2674
1506,Jorge Perez,UNAM,MC,1401
1507,Lucia Gutierrez,ITZ,DRA,1190
1508,Lorena Cruz,UAEM,MTI,2199
1509,Rafael Romero,UTEZ,LIC,2176
1510,Beatriz Vega,UNAM,DR,2749
1511,Diego Guzman,UTEZ,DR,2839
1512,Lorena Bautista,UAEM,DRA,574
1513,Raul Cruz,IPN,MC,139
1514,Adriana Guzman,ITZ,MC,1697
1515,Ricardo Lara,ITZ,DRA,2047
1516,Gabriela Cortes,UAEM,ING,1403
1517,Andrea Valencia,UNAM,LIC,98
1518,Teresa Velazquez,ITZ,ING,1276
1519,Claudia Ramos,UTEZ,ING,2498
1520,Jose Lopez,ITZ,DRA,1037
1521,Martin Salazar,IPN,DRA,2683
1522,Gael Ruiz,UNAM,ING,1700
1523,Gerardo Lara,ITZ,DR,2343
1524,Paola Dominguez,ITZ,MC,1983
1525,Susana Flores,UTEZ,MTI,2873
1526,Arturo Molina,UTEZ,LIC,412
1527,Antonio Gonzalez,IPN,DRA,1547
1528,Paola Delgado,UNAM,DRA,647
1529,Diego Molina,UAEM,ING,1150
1530,Rumualdo Cortes,ITZ,ING,960
1531,Diana Cortes,IPN,ING,2071
1532,Victor Morales,UPMOR,MC,2509
1533,Maria Garza,UAEM,LIC,636
1534,Ruben Cruz,UAEM,MTI,665
1535,Manuel Silva,UTEZ,LIC,541
1536,Patricia Cordova,ITZ,MC,968
1537,Alejandro Soto,UPMOR,DRA,2086
1538,Gabriela Lara,UTEZ,DRA,2866
1539,Roberto Soto,ITZ,DRA,149
1540,Paola Cruz,UAEM,MTI,2384
1541,Monica Paredes,UTEZ,MTI,595
1542,Diana Hernandez,IPN,ING,2661
1543,Margarita Navarro,IPN,MC,1456
1544,Margarita Castillo,ITZ,ING,2354
1545,Martha Lara,UTEZ,ING,1172
1546,Ricardo Rodriguez,UTEZ,ING,2551
1547,Margarita Escobar,UPMOR,DR,366
1548,Luis Escobar,ITZ,LIC,1705
1549,Claudia Cruz,UAEM,DR,301
1550,Daniela Dominguez,ITZ,DRA,1836
1551,Lorena Espinoza,UNAM,DRA,552
1552,Fernando Chavez,UNAM,DR,1867
1553,Rosa Romero,UPMOR,LIC,1863
1554,Carmen Campos,UTEZ,ING,1582
1555,Esteban Chavez,UAEM,DRA,1573
1556,Jesus Ortiz,UAEM,MC,1451
1557,Jesus Bautista,UNAM,LIC,2458
1558,Hugo Salazar,IPN,ING,2122
1559,Valeria Guzman,UPMOR,MTI,2674
1560,Valeria Dominguez,UAEM,DRA,2231
1561,Carmen Garza,IPN,ING,2798
1562,Andrea Hernandez,IPN,ING,978
1563,Carlos Medina,IPN,MTI,2515
1564,Elena Ramos,UTEZ,DR,971
1565,Gael Gonzalez,ITZ,LIC,2575
1566,Daniela Paredes,UTEZ,DR,999
1567,Silvia Delgado,UTEZ,DRA,1480
1568,Maria Mejia,UNAM,MTI,741
1569,Teresa Avila,ITZ,ING,604
1570,Elena Martinez,UTEZ,ING,1107
1571,Rumualdo Cervantes,UPMOR,DRA,1748
1572,Rosa Garcia,ITZ,LIC,1336
1573,Jesus Lara,UAEM,LIC,1276
1574,Julio Castro,UAEM,MC,1626
1575,Jorge Paredes,UTEZ,MTI,488
1576,Sofia Espinoza,UNAM,ING,503
1577,Leticia Valencia,IPN,ING,1435
1578,Hugo Sanchez,UTEZ,DRA,1734
1579,Carlos Garza,UPMOR,DR,41
1580,Ruben Avila,UTEZ,LIC,938
1581,Ricardo Escobar,IPN,DRA,52
1582,Beatriz Romero,IPN,MTI,57
1583,Raul Ramos,UPMOR,ING,278
1584,Victor Garza,ITZ,LIC,87
1585,Laura Cruz,UPMOR,DR,1957
1586,Leticia Navarro,UNAM,DRA,2107
1587,Alejandro Dominguez,IPN,LIC,2001
1588,Javier Cruz,UPMOR,MTI,577
1589,Rumualdo Guzman,UNAM,DRA,838
1590,Francisco Gomez,UNAM,DRA,528
1591,Valeria Cortes,UPMOR,MC,2971
1592,Alejandro Rojas,ITZ,MTI,18
1593,Rumualdo Aguilar,IPN,MTI,1670
1594,Fernando Sosa,ITZ,ING,234
1595,Claudia Maldonado,IPN,DRA,1369
1596,Jose Flores,UTEZ,LIC,415
1597,Susana Romero,UPMOR,MTI,2735
1598,Miguel Dominguez,UNAM,DRA,1074
1599,Pedro Cordova,UAEM,MC,254
1600,Lorena Silva,UNAM,DRA,466
1601,Julio Paredes,UTEZ,DRA,2993
1602,Natalia Avila,UNAM,MTI,2909
1603,Arturo Herrera,ITZ,MC,2888
1604,Teresa Diaz,UPMOR,DRA,2648
1605,Oscar Escobar,UAEM,MTI,1736
1606,Lorena Rojas,UNAM,DRA,2826
1607,Victor Herrera,UPMOR,MTI,298
1608,Patricia Medina,UPMOR,MC,446
1609,Jorge Rios,UPMOR,LIC,520
1610,Diego Diaz,UPMOR,MTI,1089
1611,Carlos Ramirez,UTEZ,MTI,2708
1612,Carmen Lopez,UNAM,ING,2954
1613,Paola Velazquez,UAEM,DR,396
1614,Hugo Guzman,UAEM,DRA,1062
1615,Leticia Ramirez,UPMOR,ING,2344
1616,Andrea Salazar,IPN,ING,2911
1617,Lorena Cabrera,IPN,MTI,2038
1618,Teresa Velazquez,UNAM,DRA,2834
1619,Leticia Silva,IPN,LIC,1297
1620,Alejandro Paredes,UTEZ,LIC,1268
1621,Ricardo Mendoza,UAEM,MTI,941
1622,Silvia Rojas,UPMOR,DR,2245
1623,Patricia Chavez,UPMOR,DRA,892
1624,Martha Romero,UNAM,MC,654
1625,Beatriz Maldonado,UPMOR,ING,1765
1626,Rosa Cortes,UPMOR,DRA,150
1627,Miguel Soto,UPMOR,MC,1382
1628,Roberto Ramirez,UTEZ,MC,492
1629,Daniela Rios,IPN,MC,538
1630,Roberto Silva,UNAM,ING,957
1631,Oscar Paredes,UNAM,DR,1462
1632,Jose Reyes,UNAM,DR,376
1633,Miguel Mendoza,UPMOR,MC,1709
1634,Rafael Chavez,UNAM,DR,665
1635,Hugo Velazquez,UTEZ,MC,357
1636,Carlos Martinez,UAEM,DRA,1406
1637,Gerardo Munoz,ITZ,DRA,1895
1638,Fernando Navarro,IPN,MTI,74
1639,Victor Cervantes,ITZ,DR,874
1640,Jose Cervantes,UAEM,ING,2918
1641,Susana Martinez,IPN,MC,910
1642,Beatriz Rios,UNAM,DR,555
1643,Oscar Garcia,ITZ,DR,1946
1644,Hugo Lopez,ITZ,DR,2773
1645,Susana Diaz,UTEZ,ING,2313
1646,Veronica Lopez,UNAM,DR,2859
1647,Eduardo Delgado,UTEZ,MTI,1682
1648,Jose Medina,ITZ,MC,1446
1649,Leticia Diaz,UTEZ,MTI,2915
1650,Jose Espinoza,UPMOR,DR,2322
1651,Carlos Maldonado,ITZ,DR,1750
1652,Ruben Castro,IPN,DR,952
1653,Jose Campos,UTEZ,MTI,1486
1654,Carmen Castillo,UNAM,DRA,1172
1655,Eduardo Hernandez,IPN,MTI,1063
1656,Elena Cervantes,UTEZ,DRA,2246
1657,Alejandro Vega,ITZ,MC,1673
1658,Carolina Maldonado,ITZ,ING,1461
1659,Alejandro Bautista,IPN,DR,1784
1660,Sofia Lara,UAEM,DR,2518
1661,Andrea Vargas,IPN,DR,1255
1662,Maria Delgado,ITZ,LIC,2406
1663,Laura Martinez,IPN,DR,2180
1664,Beatriz Maldonado,IPN,DRA,1911
1665,Veronica Bautista,UAEM,DRA,1647
1666,Diana Dominguez,UAEM,MC,1595
1667,Lucia Sanchez,UNAM,MC,2725
1668,Ruben Rodriguez,UNAM,MTI,852
1669,Adriana Rios,UPMOR,ING,2029
1670,Rosa Soto,UNAM,DR,50
1671,Jose Cortes,UNAM,DR,1089
1672,Maria Vega,UNAM,MC,2562
1673,Carlos Flores,IPN,DRA,751
1674,Beatriz Campos,IPN,DRA,2680
1675,Laura Medina,ITZ,LIC,135
1676,Pedro Munoz,IPN,MTI,904
1677,Julio Herrera,UTEZ,DRA,347
1678,Sofia Soto,UNAM,DR,328
1679,Ruben Rios,IPN,MTI,2887
1680,Claudia Escobar,UTEZ,LIC,713
1681,Jose Valencia,ITZ,MC,2573
1682,Margarita Rodriguez,IPN,DRA,2876
1683,Leticia Gutierrez,IPN,MC,1725
1684,Margarita Cordova,ITZ,LIC,2389
1685,Andrea Dominguez,UTEZ,LIC,852
1686,Francisco Hernandez,UAEM,MTI,1380
1687,Silvia Cabrera,UTEZ,ING,765
1688,Alejandro Herrera,UAEM,DR,1358
1689,Martha Perez,UTEZ,LIC,449
1690,Gabriela Rojas,UNAM,ING,1176
1691,Daniela Velazquez,IPN,MC,2343
1692,Jorge Valencia,UTEZ,MC,1560
1693,Antonio Garcia,ITZ,DR,1284
1694,Esteban Castro,ITZ,DR,1899
1695,Pedro Paredes,UAEM,MTI,248
1696,Pedro Rodriguez,UNAM,DR,2327
1697,Susana Garcia,ITZ,ING,710
1698,Antonio Gomez,UNAM,ING,1736
1699,Carolina Cruz,UAEM,LIC,2457
1700,Roberto Ruiz,ITZ,ING,1887
1701,Pedro Valencia,UAEM,MC,303
1702,Silvia Velazquez,UNAM,DRA,2469
1703,Lorena Vargas,UAEM,DR,639
1704,Javier Molina,ITZ,DRA,1096
1705,Hector Munoz,UPMOR,LIC,2087
1706,Teresa Rojas,UPMOR,MTI,906
1707,Susana Dominguez,IPN,DR,414
1708,Jorge Velazquez,IPN,MC,65
1709,Rosa Guzman,UNAM,MTI,1127
1710,Eduardo Paredes,UPMOR,MTI,2987
1711,Gael Castillo,UNAM,MC,1899
1712,Silvia Cortes,UAEM,ING,2674
1713,Rumualdo Gomez,UTEZ,LIC,1389
1714,Carmen Rodriguez,UTEZ,DRA,167
1715,Silvia Flores,UPMOR,MC,1876
1716,Sofia Hernandez,ITZ,DRA,1130
1717,Margarita Espinoza,UNAM,DR,2023
1718,Roberto Avila,UAEM,MC,96
1719,Susana Rios,UPMOR,DRA,2690
1720,Alejandro Cordova,UPMOR,MTI,2390
1721,Roberto Herrera,UNAM,LIC,1800
1722,Esteban Cordova,UAEM,DR,2160
1723,Javier Martinez,IPN,MC,2086
1724,Alejandro Diaz,UTEZ,LIC,1069
1725,Manuel Lopez,IPN,DRA,1043
1726,Ricardo Valencia,UPMOR,ING,1152
1727,Lorena Gomez,ITZ,DRA,405
1728,Lorena Castillo,UAEM,MC,1793
1729,Silvia Medina,UPMOR,MC,2788
1730,Jorge Morales,UAEM,MTI,2978
1731,Gael Molina,UNAM,DR,61
1732,Jorge Mendoza,ITZ,ING,217
1733,Valeria Escobar,UAEM,DRA,1785
1734,Maria Ruiz,UTEZ,LIC,89
1735,Raul Castro,IPN,LIC,164
1736,Manuel Lopez,UAEM,LIC,95
1737,Daniela Cortes,UNAM,LIC,1996
1738,Luis Cruz,IPN,MTI,2769
1739,Manuel Martinez,UPMOR,DR,597
1740,Rumualdo Guzman,UTEZ,ING,2187
1741,Ricardo Romero,UPMOR,MC,2165
1742,Silvia Garza,IPN,DRA,383
1743,Laura Hernandez,ITZ,MTI,2629
1744,Veronica Maldonado,UAEM,MTI,2652
1745,Martha Mejia,ITZ,DRA,1520
1746,Carolina Hernandez,ITZ,ING,883
1747,Gerardo Chavez,UTEZ,MC,2105
1748,Rumualdo Mendoza,ITZ,LIC,993
1749,Hector Vargas,UTEZ,ING,1423
1750,Patricia Castro,UAEM,ING,2654
1751,Diana Garza,UPMOR,DR,1958
1752,Rafael Paredes,ITZ,ING,853
1753,Maria Flores,UNAM,MTI,2034
1754,Monica Velazquez,UNAM,LIC,732
1755,Claudia Ramos,UNAM,ING,694
1756,Silvia Dominguez,UPMOR,MTI,108
1757,Francisco Rios,UPMOR,MTI,1060
1758,Ruben Garcia,UAEM,LIC,1828
1759,Silvia Mejia,UAEM,DRA,329
1760,Victor Ortiz,UAEM,MTI,1356
1761,Adriana Paredes,IPN,DRA,1707
1762,Gabriela Perez,UTEZ,MC,529
1763,Susana Morales,ITZ,DR,916
1764,Fernando Silva,UNAM,DRA,2226
1765,Veronica Silva,UNAM,MTI,701
1766,Gabriela Ruiz,UNAM,MC,1213
1767,Daniela Garcia,IPN,LIC,2938
1768,Fernando Salazar,UPMOR,ING,1007
1769,Margarita Cabrera,IPN,DRA,1991
1770,Arturo Avila,ITZ,LIC,2518
1771,Martha Romero,IPN,MC,55
1772,Miguel Avila,ITZ,DR,2016
1773,Diego Bautista,ITZ,MTI,2413
1774,Diana Ramos,ITZ,DRA,561
1775,Raul Reyes,UPMOR,ING,1799
1776,Margarita Ramirez,ITZ,DRA,1054
1777,Paola Aguilar,UNAM,DR,1971
1778,Carlos Guzman,ITZ,MTI,328
1779,Martin Mendez,UTEZ,DRA,184
1780,Laura Flores,ITZ,MTI,1272
1781,Lucia Silva,UPMOR,MTI,1682
1782,Ana Reyes,UPMOR,MC,2956
1783,Roberto Salazar,UTEZ,MTI,2760
1784,Susana Gutierrez,ITZ,LIC,1511
1785,Diego Escobar,ITZ,MC,1185
1786,Patricia Guzman,UAEM,DRA,2687
1787,Andrea Salazar,UPMOR,MTI,1516
1788,Miguel Ramirez,ITZ,DRA,1319
1789,Hugo Morales,IPN,MC,2142
1790,Rumualdo Mejia,UPMOR,ING,2716
1791,Carolina Mejia,UPMOR,MC,1763
1792,Martha Martinez,UNAM,MC,1303
1793,Monica Guzman,UTEZ,DRA,2464
1794,Paola Maldonado,UPMOR,DRA,690
1795,Susana Diaz,UTEZ,DR,1900
1796,Maria Escobar,ITZ,LIC,2810
1797,Manuel Romero,UTEZ,MTI,2183
1798,Lorena Guzman,UAEM,DR,1188
1799,Julio Mejia,UTEZ,ING,1574
1800,Natalia Valencia,UPMOR,LIC,1845
1801,Alejandro Delgado,ITZ,MTI,2907
1802,Jesus Mendez,IPN,DRA,2106
1803,Paola Mendez,UNAM,ING,743
1804,Martha Cabrera,UPMOR,MTI,1828
1805,Martin Cabrera,IPN,LIC,2239
1806,Victor Sanchez,IPN,MC,36
1807,Susana Vargas,IPN,DR,2674
1808,Javier Campos,UTEZ,MC,2050
1809,Sofia Castillo,ITZ,DR,2980
1810,Jorge Guzman,UTEZ,ING,2718
1811,Antonio Espinoza,UNAM,LIC,2756
1812,Gael Lara,UTEZ,DR,1046
1813,Raul Gonzalez,UTEZ,LIC,1999
1814,Martin Flores,UNAM,MTI,587
1815,Elena Maldonado,UPMOR,LIC,119
1816,Victor Delgado,UTEZ,MC,2030
1817,Sofia Sosa,UAEM,LIC,944
1818,Laura Gutierrez,UNAM,DRA,1816
1819,Margarita Ruiz,UTEZ,MC,1666
1820,Alejandro Munoz,UPMOR,DRA,2179
1821,Miguel Avila,ITZ,MTI,2457
1822,Esteban Ruiz,ITZ,LIC,309
1823,Carolina Rodriguez,IPN,DRA,2408
1824,Hector Castro,UTEZ,MC,846
1825,Teresa Navarro,UAEM,DR,2536
1826,Miguel Munoz,UAEM,DR,2232
1827,Raul Hernandez,UAEM,DR,79
1828,Silvia Martinez,UPMOR,ING,1879
1829,Laura Velazquez,IPN,DR,2886
1830,Esteban Delgado,UTEZ,DR,2151
1831,Luis Molina,UNAM,DR,420
1832,Martha Cortes,ITZ,MC,2986
1833,Carlos Cortes,ITZ,DR,638
1834,Oscar Espinoza,IPN,MC,2118
1835,Elena Perez,ITZ,DR,2397
1836,Lorena Molina,UAEM,DRA,2365
1837,Adriana Martinez,UPMOR,MTI,2295
1838,Carmen Medina,UTEZ,MC,1988
1839,Oscar Castillo,UPMOR,ING,1270
1840,Elena Diaz,UNAM,DRA,2313
1841,Arturo Hernandez,UPMOR,DR,2663
1842,Teresa Cortes,UNAM,DR,1719
1843,Veronica Soto,UTEZ,ING,1056
1844,Monica Paredes,ITZ,DR,2901
1845,Lorena Salazar,UAEM,DR,2137
1846,Miguel Rodriguez,UAEM,ING,1624
1847,Hector Mendoza,UNAM,ING,2409
1848,Oscar Lara,UNAM,DRA,2911
1849,Andrea Ortiz,UNAM,LIC,2858
1850,Javier Garza,ITZ,DR,822
1851,Valeria Reyes,UTEZ,DRA,2957
1852,Gael Romero,UNAM,LIC,2725
1853,Adriana Cortes,ITZ,DRA,2182
1854,Alejandro Navarro,UAEM,LIC,862
1855,Diego Guzman,UNAM,MC,157
1856,Carlos Rojas,IPN,ING,2504
1857,Jorge Perez,UNAM,LIC,919
1858,Ruben Rodriguez,UTEZ,DR,2156
1859,Carmen Silva,ITZ,DR,1011
1860,Oscar Molina,IPN,DR,577
1861,Arturo Velazquez,IPN,MC,1423
1862,Victor Valencia,IPN,DRA,739
1863,Julio Martinez,UPMOR,MC,2455
1864,Laura Flores,ITZ,MTI,1653
1865,Eduardo Castro,ITZ,MTI,1067
1866,Martha Cordova,UPMOR,DRA,1663
1867,Beatriz Rios,UPMOR,MC,2506
1868,Diana Rojas,UAEM,DR,1519
1869,Adriana Cortes,UPMOR,MC,2442
1870,Oscar Rodriguez,UAEM,MTI,802
1871,Ana Ramos,IPN,ING,2659
1872,Javier Mejia,UAEM,ING,1542
1873,Pedro Paredes,UAEM,DRA,104
1874,Leticia Sanchez,UNAM,ING,2871
1875,Ana Velazquez,UPMOR,MC,692
1876,Manuel Sanchez,UTEZ,ING,2096
1877,Valeria Gomez,IPN,ING,1423
1878,Pedro Vargas,ITZ,MTI,573
1879,Beatriz Munoz,UNAM,DRA,1534
1880,Leticia Chavez,ITZ,DR,55
1881,Lorena Castillo,IPN,DR,453
1882,Ana Castillo,UAEM,DRA,1936
1883,Ricardo Paredes,UTEZ,DRA,1067
1884,Raul Guzman,UTEZ,DR,553
1885,Rafael Castillo,UTEZ,MTI,1987
1886,Rumualdo Diaz,ITZ,ING,788
1887,Diego Avila,ITZ,DR,2422
1888,Martha Castillo,UAEM,MTI,1834
1889,Victor Paredes,UAEM,LIC,109
1890,Esteban Vega,UTEZ,DR,2133
1891,Daniela Morales,ITZ,MTI,618
1892,Jose Maldonado,UTEZ,LIC,1417
1893,Antonio Castro,IPN,DR,1026
1894,Javier Perez,UAEM,MTI,1200
1895,Silvia Delgado,IPN,MC,686
1896,Luis Hernandez,UNAM,MTI,2069
1897,Raul Paredes,UNAM,DR,954
1898,Maria Vega,UNAM,DRA,1478
1899,Laura Espinoza,UAEM,DRA,760
1900,Oscar Garza,IPN,LIC,1964
1901,Luis Valencia,UAEM,DRA,2563
1902,Pedro Gomez,ITZ,DRA,1890
1903,Margarita Espinoza,UPMOR,DR,297
1904,Claudia Gomez,UAEM,ING,492
1905,Alejandro Morales,IPN,MC,2437
1906,Gael Cortes,IPN,MC,2168
1907,Oscar Salazar,ITZ,DRA,1767
1908,Adriana Cruz,UPMOR,DR,514
1909,Valeria Velazquez,IPN,DRA,134
1910,Lorena Medina,IPN,ING,1873
1911,Paola Gutierrez,UNAM,DRA,617
1912,Rumualdo Espinoza,UPMOR,DRA,809
1913,Rumualdo Vega,IPN,ING,484
1914,Julio Diaz,ITZ,MC,1175
1915,Gael Ruiz,UAEM,DR,2656
1916,Jesus Mendez,UAEM,MTI,2657
1917,Veronica Gonzalez,ITZ,MC,1095
1918,Andrea Molina,UTEZ,LIC,659
1919,Fernando Diaz,UNAM,LIC,342
1920,Laura Velazquez,UPMOR,MC,2211
1921,Jose Garza,ITZ,DRA,2978
1922,Raul Aguilar,ITZ,MTI,1113
1923,Margarita Escobar,UPMOR,MTI,729
1924,Ruben Vega,UNAM,MTI,845
1925,Eduardo Cruz,ITZ,MTI,1186
1926,Javier Mejia,UPMOR,MC,65
1927,Silvia Vargas,UPMOR,DR,302
1928,Antonio Bautista,ITZ,DRA,2796
1929,Ruben Guzman,UNAM,DR,956
1930,Victor Castillo,IPN,DR,2028
1931,Diana Cervantes,UNAM,ING,114
1932,Eduardo Rios,UNAM,MTI,1500
1933,Susana Herrera,UNAM,ING,874
1934,Susana Castro,IPN,LIC,2007
1935,Martha Navarro,IPN,DR,842
1936,Jesus Campos,IPN,MC,2122
1937,Maria Cortes,ITZ,ING,1715
1938,Maria Cervantes,UTEZ,MC,128
1939,Eduardo Cordova,UTEZ,DR,2323
1940,Susana Morales,UNAM,DRA,2013
1941,Lucia Ortiz,ITZ,MC,2927
1942,Lucia Aguilar,UNAM,LIC,2948
1943,Oscar Cordova,UPMOR,DRA,864
1944,Susana Diaz,UNAM,MTI,1587
1945,Teresa Rojas,IPN,LIC,626
1946,Jesus Silva,IPN,MC,138
1947,Laura Mendoza,UAEM,MC,2277
1948,Beatriz Campos,UNAM,ING,1513
1949,Veronica Cervantes,UNAM,MTI,2671
1950,Elena Sanchez,UAEM,MC,917
1951,Luis Mendoza,ITZ,MTI,834
1952,Patricia Espinoza,IPN,LIC,161
1953,Teresa Romero,UAEM,MTI,1397
1954,Javier Vargas,UAEM,MTI,1556
1955,Monica Dominguez,IPN,DRA,960
1956,Fernando Gonzalez,UTEZ,LIC,1191
1957,Fernando Flores,UTEZ,MTI,810
1958,Sofia Ruiz,UTEZ,ING,538
1959,Alejandro Gutierrez,UPMOR,DRA,2664
1960,Miguel Espinoza,ITZ,DR,1549
1961,Lucia Vega,UNAM,DRA,73
1962,Manuel Escobar,UTEZ,MTI,848
1963,Miguel Soto,IPN,DRA,1035
1964,Hector Medina,UNAM,ING,133
1965,Jorge Dominguez,UPMOR,MTI,1599
1966,Andrea Ortiz,IPN,LIC,1947
1967,Rosa Gonzalez,UPMOR,ING,2778
1968,Martin Espinoza,UAEM,DRA,114
1969,Beatriz Castro,UPMOR,ING,2230
1970,Teresa Aguilar,UNAM,ING,12
1971,Francisco Bautista,UNAM,MC,2282
1972,Roberto Herrera,IPN,DRA,2126
1973,Jesus Rodriguez,UPMOR,ING,1814
1974,Leticia Cortes,IPN,DRA,259
1975,Daniela Cervantes,UPMOR,DR,380
1976,Rumualdo Valencia,UTEZ,MC,1175
1977,Monica Cordova,ITZ,DRA,19
1978,Ricardo Mendoza,UTEZ,MC,1432
1979,Eduardo Garcia,ITZ,MTI,1566
1980,Francisco Soto,UPMOR,ING,2484
1981,Jesus Reyes,ITZ,ING,185
1982,Lorena Salazar,UPMOR,ING,2822
1983,Antonio Castillo,UTEZ,DR,2650
1984,Adriana Paredes,UNAM,ING,2112
1985,Margarita Diaz,ITZ,LIC,743
1986,Jorge Guzman,UTEZ,MTI,1478
1987,Lucia Diaz,IPN,MTI,23
1988,Martha Lara,ITZ,DR,1439
1989,Monica Vargas,ITZ,LIC,1075
1990,Silvia Silva,ITZ,LIC,1881
1991,Andrea Vargas,UPMOR,ING,1005
1992,Rafael Molina,UPMOR,LIC,323
1993,Pedro Diaz,ITZ,MC,1479
1994,Arturo Lara,UNAM,ING,520
1995,Rafael Avila,IPN,LIC,412
1996,Carmen Perez,ITZ,LIC,1128
1997,Valeria Espinoza,UAEM,ING,2325
1998,Margarita Navarro,UPMOR,MC,2409
1999,Oscar Paredes,IPN,MC,2361
2000,Natalia Rodriguez,ITZ,MTI,940
2001,Ricardo Cordova,ITZ,LIC,2083
2002,Adriana Vega,UTEZ,MC,79
2003,Silvia Martinez,UNAM,ING,2513
2004,Valeria Escobar,UNAM,ING,1185
2005,Hugo Perez,UNAM,DR,1517
2006,Miguel Perez,ITZ,DRA,530
2007,Claudia Rios,IPN,MTI,465
2008,Adriana Velazquez,UNAM,DRA,1688
2009,Maria Morales,ITZ,MTI,1651
2010,Paola Navarro,UAEM,MTI,2301
2011,Sofia Cordova,IPN,LIC,2916
2012,Beatriz Garza,ITZ,LIC,61
2013,Diego Salazar,ITZ,MTI,2958
2014,Manuel Hernandez,IPN,LIC,463
2015,Natalia Espinoza,IPN,MC,2372
2016,Lucia Bautista,UNAM,DRA,2333
2017,Raul Romero,UTEZ,DR,2242
2018,Carolina Rodriguez,ITZ,MC,1194
2019,Ruben Velazquez,UNAM,DRA,844
2020,Ruben Gutierrez,IPN,DRA,2
2021,Valeria Velazquez,ITZ,MTI,1103
2022,Javier Cabrera,IPN,ING,1793
2023,Ruben Aguilar,IPN,DR,386
2024,Leticia Perez,UAEM,DR,885
2025,Carlos Herrera,ITZ,MTI,605
2026,Diana Munoz,ITZ,DR,1992
2027,Pedro Maldonado,UAEM,LIC,2865
2028,Fernando Soto,UAEM,ING,1176
2029,Ruben Molina,IPN,DR,1846
2030,Julio Paredes,IPN,LIC,929
2031,Rosa Castro,UNAM,ING,609
2032,Luis Paredes,UAEM,MTI,1780
2033,Beatriz Flores,IPN,ING,1184
2034,Lorena Garza,UAEM,DR,2814
2035,Fernando Cruz,UTEZ,ING,2844
2036,Rafael Cabrera,UPMOR,DRA,264
2037,Diego Ruiz,UNAM,ING,1021
2038,Lorena Rojas,UNAM,ING,1191
2039,Adriana Castillo,UTEZ,MC,1961
2040,Eduardo Molina,UAEM,DRA,2079
2041,Carolina Hernandez,UAEM,MTI,2385
2042,Rosa Gonzalez,UNAM,ING,2680
2043,Rosa Lara,UTEZ,MC,1655
2044,Lorena Cordova,IPN,LIC,853
2045,Julio Gomez,UNAM,MC,2201
2046,Gael Cruz,UTEZ,MTI,2471
2047,Martha Molina,ITZ,MTI,2691
2048,Gabriela Rojas,UAEM,DRA,1949
2049,Paola Paredes,UPMOR,MC,1360
2050,Arturo Soto,UTEZ,MTI,444
2051,Carolina Espinoza,UNAM,ING,2016
2052,Esteban Lopez,UTEZ,LIC,2379
2053,Victor Maldonado,IPN,MTI,844
2054,Maria Vega,UTEZ,ING,2649
2055,Antonio Rios,IPN,MC,1479
2056,Ricardo Morales,UTEZ,MC,2638
2057,Veronica Campos,IPN,ING,1547
2058,Pedro Rios,IPN,DR,554
2059,Lucia Chavez,ITZ,DRA,6
2060,Rafael Ramos,UTEZ,MC,2167
2061,Oscar Cortes,UAEM,DR,558
2062,Javier Cordova,ITZ,LIC,1370
2063,Ana Castillo,UNAM,LIC,10
2064,Leticia Aguilar,UNAM,DR,2537
2065,Raul Castro,ITZ,LIC,926
2066,Andrea Vega,IPN,MTI,1667
2067,Adriana Garcia,ITZ,MC,1119
2068,Javier Mendoza,UTEZ,MTI,2475
2069,Jesus Ruiz,ITZ,ING,1877
2070,Monica Delgado,UTEZ,DRA,1586
2071,Pedro Herrera,UTEZ,MTI,893
2072,Hugo Vargas,UNAM,DR,8
2073,Arturo Molina,UNAM,DR,732
2074,Lorena Munoz,UAEM,MC,1941
2075,Adriana Munoz,UPMOR,MTI,1317
2076,Lucia Garza,UTEZ,MTI,803
2077,Adriana Perez,UPMOR,ING,767
2078,Esteban Avila,UNAM,MC,1430
2079,Veronica Ruiz,ITZ,MC,1036
2080,Natalia Flores,UTEZ,DR,1332
2081,Luis Avila,UPMOR,DRA,1939
2082,Laura Gomez,UNAM,MC,408
2083,Margarita Sosa,UTEZ,LIC,1017
2084,Rumualdo Gonzalez,UTEZ,MTI,2606
2085,Carlos Mendez,UTEZ,LIC,1338
2086,Francisco Valencia,UAEM,ING,2229
2087,Victor Sanchez,IPN,DR,2120
2088,Lucia Escobar,ITZ,DR,1511
2089,Martha Sosa,ITZ,DR,2187
2090,Gael Escobar,ITZ,DR,2346
2091,Ricardo Munoz,UTEZ,LIC,2911
2092,Ana Navarro,UPMOR,DRA,2841
2093,Diana Rojas,UPMOR,MTI,357
2094,Monica Lara,UPMOR,DRA,947
2095,Javier Mejia,IPN,MC,140
2096,Javier Hernandez,UTEZ,DR,2916
2097,Sofia Salazar,IPN,DR,1561
2098,Carolina Espinoza,UAEM,DRA,2494
2099,Andrea Guzman,UAEM,ING,1280
2100,Rafael Hernandez,UNAM,LIC,2260
2101,Gael Escobar,UTEZ,DR,1042
2102,Roberto Ramirez,IPN,ING,1483
2103,Carolina Lara,UTEZ,MTI,145
2104,Andrea Ramirez,IPN,MC,1078
2105,Adriana Silva,ITZ,DRA,1828
2106,Jose Castillo,ITZ,ING,2115
2107,Daniela Vega,UNAM,LIC,1903
2108,Antonio Flores,ITZ,DRA,1063
2109,Beatriz Cabrera,UTEZ,DR,2565
2110,Carlos Cervantes,ITZ,ING,1013
2111,Arturo Delgado,IPN,MTI,159
2112,Hugo Ruiz,UNAM,ING,19
2113,Teresa Salazar,UTEZ,MTI,1795
2114,Sofia Vega,IPN,LIC,278
2115,Leticia Reyes,ITZ,DRA,2920
2116,Sofia Ramirez,UAEM,ING,253
2117,Ruben Maldonado,IPN,MTI,836
2118,Manuel Martinez,ITZ,DR,2528
2119,Ana Rodriguez,UNAM,LIC,2987
2120,Carlos Gomez,IPN,LIC,139
2121,Gerardo Medina,UNAM,MC,5
2122,Alejandro Cortes,IPN,DR,2021
2123,Ruben Cervantes,UNAM,MC,939
2124,Sofia Maldonado,ITZ,DR,964
2125,Gabriela Diaz,UAEM,DR,2262
2126,Lorena Escobar,IPN,MTI,997
2127,Diana Bautista,UTEZ,ING,2602
2128,Gael Delgado,UNAM,MC,1568
2129,Patricia Vargas,UPMOR,ING,2873
2130,Claudia Mendoza,UTEZ,LIC,105
2131,Victor Lopez,UPMOR,LIC,2761
2132,Adriana Gutierrez,IPN,MC,2076
2133,Alejandro Delgado,UTEZ,LIC,111
2134,Claudia Velazquez,UPMOR,MTI,1611
2135,Diego Salazar,ITZ,MC,1467
2136,Luis Romero,UPMOR,LIC,2493
2137,Beatriz Romero,UTEZ,DR,2731
2138,Carolina Morales,UTEZ,MTI,1478
2139,Maria Garcia,UAEM,DR,2125
2140,Beatriz Delgado,IPN,ING,816
2141,Carlos Cordova,UPMOR,ING,2744
2142,Jorge Lara,UPMOR,DRA,2917
2143,Martha Martinez,UNAM,MC,1189
2144,Carlos Garza,UPMOR,MTI,89
2145,Rafael Ruiz,ITZ,DRA,2014
2146,Oscar Medina,UTEZ,ING,1061
2147,Patricia Rojas,IPN,LIC,735
2148,Martha Cortes,UNAM,MTI,2923
2149,Alejandro Ruiz,UPMOR,MTI,2444
2150,Javier Ruiz,UAEM,MC,1493
2151,Jorge Cortes,UPMOR,ING,1122
2152,Teresa Cortes,UPMOR,DRA,502
2153,Javier Cordova,UTEZ,DR,2208
2154,Lorena Ramos,IPN,ING,2589
2155,Diego Lara,IPN,DR,1372
2156,Ana Paredes,UNAM,ING,137
2157,Paola Mendez,UNAM,ING,2087
2158,Lorena Cordova,UTEZ,DRA,2716
2159,Patricia Mejia,UNAM,LIC,770
2160,Rumualdo Navarro,UAEM,MTI,2691
2161,Raul Salazar,UTEZ,DRA,2126
2162,Victor Vega,UAEM,ING,1391
2163,Alejandro Chavez,UTEZ,LIC,1943
2164,Antonio Perez,UTEZ,DRA,2295
2165,Esteban Castro,IPN,DR,1755
2166,Adriana Mejia,UTEZ,ING,2549
2167,Carmen Reyes,UTEZ,ING,1586
2168,Carlos Cruz,UNAM,DRA,58
2169,Gabriela Gomez,UAEM,MTI,658
2170,Claudia Rios,UPMOR,ING,2034
2171,Rafael Guzman,UAEM,DR,2964
2172,Raul Lara,UPMOR,MC,1141
2173,Fernando Cortes,UPMOR,DRA,1760
2174,Ana Gutierrez,UAEM,DR,1423
2175,Sofia Garza,UTEZ,MTI,931
2176,Elena Morales,UAEM,DRA,1958
2177,Lorena Escobar,ITZ,LIC,2005
2178,Lucia Soto,UTEZ,MTI,1290
2179,Manuel Diaz,UTEZ,MTI,1972
2180,Diego Maldonado,ITZ,DR,225
2181,Manuel Navarro,ITZ,MC,1954
2182,Ricardo Dominguez,UAEM,MTI,1950
2183,Eduardo Rojas,ITZ,DRA,2564
2184,Diana Gutierrez,UPMOR,ING,2781
2185,Antonio Campos,UNAM,LIC,2635
2186,Rosa Rodriguez,UAEM,LIC,327
2187,Hugo Rodriguez,UPMOR,DR,306
2188,Paola Reyes,UAEM,DR,284
2189,Javier Munoz,UNAM,MC,2080
2190,Natalia Reyes,IPN,DRA,2698
2191,Ruben Lara,UPMOR,LIC,2638
2192,Teresa Garcia,IPN,MTI,1282
2193,Arturo Hernandez,UTEZ,MTI,1796
2194,Manuel Garcia,UTEZ,MTI,2256
2195,Paola Escobar,ITZ,MTI,1749
2196,Martha Gomez,UNAM,DR,2021
2197,Raul Navarro,UAEM,DRA,2182
2198,Jesus Ramirez,UAEM,ING,29
2199,Laura Lopez,UTEZ,ING,807
2200,Natalia Cruz,UPMOR,LIC,2638
2201,Pedro Maldonado,UNAM,ING,1572
2202,Jose Rodriguez,UPMOR,DR,2975
2203,Martha Dominguez,IPN,MC,1580
2204,Ana Avila,ITZ,LIC,2899
2205,Veronica Maldonado,UNAM,DRA,2182
2206,Carolina Medina,UPMOR,ING,416
2207,Fernando Garza,UAEM,MTI,1826
2208,Esteban Mendez,IPN,DR,1269
2209,Gael Cordova,UAEM,DR,561
2210,Pedro Aguilar,ITZ,DRA,297
2211,Claudia Ramirez,ITZ,MC,1517
2212,Natalia Vargas,UTEZ,DR,425
2213,Ana Garcia,UAEM,MTI,1811
2214,Esteban Cabrera,UTEZ,DRA,2478
2215,Roberto Velazquez,UTEZ,DR,2944
2216,Luis Espinoza,UPMOR,MC,374
2217,Martha Sanchez,IPN,MC,623
2218,Adriana Soto,UNAM,MC,2744
2219,Maria Velazquez,ITZ,MC,1177
2220,Patricia Guzman,UTEZ,ING,1532
2221,Jose Paredes,ITZ,ING,86
2222,Esteban Vargas,UTEZ,DRA,2467
2223,Claudia Paredes,ITZ,LIC,157
2224,Alejandro Chavez,IPN,DR,2033
2225,Lucia Soto,IPN,MTI,2974
2226,Veronica Castillo,UPMOR,LIC,1716
2227,Gael Salazar,ITZ,DRA,2860
2228,Raul Garza,UAEM,DR,310
2229,Esteban Hernandez,UTEZ,DRA,631
2230,Diego Molina,ITZ,LIC,2632
2231,Rosa Herrera,UAEM,ING,1253
2232,Hector Rodriguez,UAEM,MTI,2386
2233,Lucia Soto,IPN,MC,692
2234,Martin Molina,UPMOR,MC,1264
2235,Alejandro Flores,UNAM,ING,881
2236,Arturo Romero,IPN,DRA,1252
2237,Gabriela Gutierrez,IPN,DR,1741
2238,Julio Silva,UAEM,ING,1480
2239,Ruben Reyes,ITZ,MTI,2788
2240,Daniela Molina,UNAM,MTI,926
2241,Jose Medina,UAEM,MC,2917
2242,Carmen Castro,UAEM,MC,2048
2243,Martin Velazquez,UAEM,MC,311
2244,Beatriz Cervantes,UPMOR,DRA,133
2245,Andrea Medina,UNAM,DR,2527
2246,Victor Ramos,UTEZ,DR,2986
2247,Javier Aguilar,UAEM,LIC,1099
2248,Arturo Vega,UPMOR,DR,2084
2249,Miguel Espinoza,IPN,ING,1023
2250,Paola Campos,UPMOR,MTI,248
2251,Gael Martinez,UAEM,MTI,431
2252,Javier Cruz,UAEM,MTI,2351
2253,Arturo Bautista,ITZ,DRA,1365
2254,Lorena Rojas,UPMOR,LIC,2118
2255,Oscar Garza,UNAM,DR,2172
2256,Raul Paredes,IPN,MTI,2360
2257,Natalia Mejia,UTEZ,ING,97
2258,Jorge Delgado,ITZ,MC,1677
2259,Ricardo Mejia,UAEM,DRA,1502
2260,Diana Rios,ITZ,MTI,2585
2261,Hugo Paredes,UAEM,MTI,1126
2262,Martin Ruiz,UAEM,MTI,1064
2263,Veronica Maldonado,ITZ,DRA,537
2264,Rafael Romero,UAEM,DR,2571
2265,Antonio Aguilar,UAEM,MC,1845
2266,Beatriz Dominguez,UTEZ,DRA,2509
2267,Lucia Sanchez,UTEZ,DR,2233
2268,Carmen Gomez,UNAM,DR,2237
2269,Leticia Ortiz,ITZ,LIC,2186
2270,Susana Mejia,UAEM,ING,1676
2271,Jose Lopez,IPN,LIC,365
2272,Manuel Espinoza,UPMOR,ING,1089
2273,Veronica Dominguez,UAEM,MC,1122
2274,Veronica Reyes,UNAM,ING,166
2275,Manuel Soto,UNAM,LIC,1672
2276,Teresa Vargas,UNAM,DR,2658
2277,Diego Mendoza,IPN,DR,2054
2278,Margarita Ramos,UTEZ,MC,70
2279,Gabriela Morales,IPN,ING,1142
2280,Julio Castillo,UNAM,DRA,2024
2281,Arturo Cabrera,UPMOR,MC,994
2282,Alejandro Valencia,IPN,MTI,1394
2283,Leticia Gonzalez,UTEZ,DRA,1017
2284,Eduardo Delgado,ITZ,ING,1021
2285,Susana Vargas,ITZ,MTI,57
2286,Alejandro Gonzalez,UNAM,DRA,640
2287,Esteban Reyes,UPMOR,MTI,2778
2288,Daniela Cordova,UNAM,ING,2079
2289,Leticia Cordova,UPMOR,DRA,1982
2290,Antonio Paredes,UPMOR,DRA,2421
2291,Oscar Bautista,UPMOR,LIC,1838
2292,Julio Castillo,UTEZ,MTI,2592
2293,Patricia Cruz,UPMOR,LIC,1678
2294,Rafael Rodriguez,IPN,LIC,1985
2295,Jose Garcia,UAEM,MC,483
2296,Valeria Garcia,UTEZ,LIC,2707
2297,Andrea Campos,IPN,DR,1670
2298,Maria Bautista,UAEM,LIC,517
2299,Julio Cordova,UAEM,ING,1562
2300,Fernando Cordova,UNAM,LIC,2448
2301,Claudia Mendoza,UTEZ,MC,782
2302,Sofia Gonzalez,UAEM,ING,316
2303,Carolina Medina,UTEZ,ING,2034
2304,Miguel Paredes,UTEZ,LIC,1439
2305,Hugo Avila,UTEZ,DR,2860
2306,Carmen Dominguez,UNAM,DR,2112
2307,Claudia Cabrera,ITZ,ING,1519
2308,Silvia Castillo,IPN,MC,2856
2309,Eduardo Avila,UPMOR,MC,2383
2310,Victor Molina,UTEZ,MTI,1431
2311,Maria Garcia,UTEZ,DRA,1022
2312,Paola Reyes,UNAM,LIC,493
2313,Miguel Rios,ITZ,LIC,2107
2314,Carolina Garza,UNAM,LIC,274
2315,Jorge Herrera,UNAM,DRA,758
2316,Gael Ramos,IPN,DRA,2265
2317,Fernando Garza,UPMOR,DR,1755
2318,Valeria Molina,UPMOR,DR,2407
2319,Rumualdo Castillo,UNAM,DRA,2248
2320,Claudia Paredes,UTEZ,LIC,1465
2321,Laura Diaz,IPN,ING,132
2322,Hector Flores,IPN,DR,2046
2323,Ricardo Delgado,ITZ,DRA,2271
2324,Beatriz Martinez,ITZ,DRA,2679
2325,Laura Cruz,UTEZ,DRA,2272
2326,Veronica Rojas,UPMOR,MC,2301
2327,Claudia Ruiz,UTEZ,LIC,2740
2328,Adriana Delgado,UPMOR,DRA,2151
2329,Lucia Mejia,IPN,MTI,937
2330,Sofia Morales,UTEZ,DR,2921
2331,Carmen Ruiz,UAEM,ING,1333
2332,Martha Mendoza,UTEZ,LIC,2047
2333,Martin Hernandez,UTEZ,DRA,310
2334,Sofia Gomez,ITZ,DRA,485
2335,Natalia Medina,UPMOR,LIC,401
2336,Teresa Perez,UAEM,DR,257
2337,Beatriz Medina,UNAM,DR,1483
2338,Carolina Cortes,IPN,ING,2974
2339,Paola Gonzalez,UPMOR,MTI,2484
2340,Martha Valencia,UAEM,ING,913
2341,Martin Reyes,UPMOR,DR,671
2342,Jorge Molina,UNAM,DRA,2682
2343,Miguel Delgado,UAEM,DR,61
2344,Alejandro Garcia,UNAM,DR,1459
2345,Arturo Valencia,UNAM,DRA,2042
2346,Rafael Medina,UAEM,DR,1036
2347,Leticia Sanchez,UNAM,MC,2409
2348,Monica Escobar,ITZ,DRA,2489
2349,Miguel Campos,ITZ,DR,2450
2350,Esteban Avila,UPMOR,DRA,2138
2351,Rumualdo Soto,UNAM,DR,1496
2352,Jesus Cruz,UPMOR,DR,35
2353,Luis Maldonado,ITZ,ING,457
2354,Silvia Garza,ITZ,MC,197
2355,Margarita Valencia,UNAM,MTI,2316
2356,Monica Rodriguez,IPN,DR,1243
2357,Gabriela Soto,UAEM,DR,2217
2358,Fernando Mendoza,UTEZ,DR,612
2359,Lucia Munoz,IPN,DR,721
2360,Susana Rios,ITZ,MC,163
2361,Fernando Ramirez,UTEZ,MC,2415
2362,Martha Aguilar,UNAM,LIC,1607
2363,Esteban Diaz,UAEM,DR,2465
2364,Francisco Sosa,UAEM,DR,2763
2365,Arturo Paredes,UTEZ,LIC,1387
2366,Gabriela Martinez,UNAM,MC,1843
2367,Andrea Cortes,IPN,LIC,1893
2368,Natalia Soto,ITZ,ING,996
2369,Susana Vargas,IPN,ING,1479
2370,Jesus Flores,UPMOR,LIC,1979
2371,Lucia Herrera,UTEZ,MC,2699
2372,Javier Escobar,UTEZ,ING,872
2373,Adriana Delgado,UNAM,DR,1787
2374,Antonio Lopez,UTEZ,DR,1725
2375,Martha Lopez,UTEZ,ING,1746
2376,Margarita Aguilar,IPN,DRA,1398
2377,Andrea Mendez,IPN,MTI,20
2378,Martin Rios,UAEM,LIC,488
2379,Alejandro Castro,IPN,DRA,1107
2380,Daniela Campos,UNAM,LIC,863
2381,Eduardo Mendoza,IPN,DR,2133
2382,Gerardo Cortes,UAEM,ING,1454
2383,Rafael Campos,IPN,DRA,1015
2384,Leticia Mendez,UNAM,MTI,1417
2385,Sofia Cruz,ITZ,MTI,888
2386,Roberto Ramirez,UTEZ,DRA,2089
2387,Luis Garza,UNAM,MTI,2247
2388,Diana Cruz,UPMOR,ING,2275
2389,Lorena Bautista,UNAM,DRA,762
2390,Monica Salazar,UTEZ,MC,203
2391,Gerardo Aguilar,UPMOR,ING,1940
2392,Paola Lara,UAEM,DRA,2484
2393,Oscar Romero,IPN,DRA,241
2394,Javier Cordova,UTEZ,ING,2168
2395,Gael Garza,UPMOR,MTI,2140
2396,Victor Vega,UTEZ,LIC,1407
2397,Julio Cordova,UTEZ,LIC,2715
2398,Natalia Vega,UPMOR,ING,333
2399,Jorge Velazquez,UPMOR,DRA,1721
2400,Diana Hernandez,UPMOR,ING,2325
2401,Esteban Valencia,IPN,DR,1167
2402,Lorena Morales,IPN,LIC,2627
2403,Gabriela Lara,UTEZ,DRA,1204
2404,Laura Campos,UAEM,LIC,527
2405,Diana Cordova,UPMOR,ING,406
2406,Patricia Cruz,ITZ,LIC,1404
2407,Diana Ruiz,UAEM,DRA,1769
2408,Beatriz Ruiz,UTEZ,DR,68
2409,Valeria Hernandez,UNAM,DR,457
2410,Eduardo Rios,IPN,ING,895
2411,Claudia Mejia,UPMOR,LIC,1174
2412,Veronica Vargas,ITZ,DRA,2375
2413,Rosa Maldonado,UTEZ,LIC,356
2414,Manuel Rios,UAEM,DRA,1588
2415,Diego Cabrera,UAEM,ING,417
2416,Lorena Medina,UTEZ,DRA,2550
2417,Adriana Flores,UAEM,LIC,702
2418,Carolina Delgado,UTEZ,ING,2857
2419,Jesus Cordova,UPMOR,DR,61
2420,Eduardo Ruiz,UPMOR,DR,838
2421,Ana Escobar,UNAM,DR,390
2422,Margarita Espinoza,UNAM,MC,1362
2423,Valeria Molina,UNAM,MTI,1943
2424,Gael Hernandez,UPMOR,DRA,1515
2425,Claudia Herrera,UAEM,ING,92
2426,Diego Sanchez,UNAM,DRA,488
2427,Francisco Rodriguez,UAEM,DRA,1581
2428,Ricardo Gomez,UAEM,DR,1275
2429,Luis Dominguez,UTEZ,ING,2426
2430,Susana Molina,ITZ,MTI,299
2431,Gerardo Reyes,ITZ,MTI,1626
2432,Laura Campos,UTEZ,MC,235
2433,Jorge Garcia,ITZ,MTI,1075
2434,Roberto Diaz,UPMOR,MTI,2107
2435,Roberto Campos,UTEZ,MC,928
2436,Beatriz Rodriguez,UNAM,MTI,2557
2437,Carolina Maldonado,UTEZ,MC,1538
2438,Patricia Vargas,UPMOR,MTI,1239
2439,Rafael Sosa,UNAM,MTI,820
2440,Luis Soto,ITZ,LIC,178
2441,Carolina Chavez,IPN,ING,1363
2442,Esteban Garcia,IPN,ING,1916
2443,Susana Ramos,UPMOR,DRA,2444
2444,Carmen Guzman,IPN,MC,2975
2445,Laura Sanchez,UAEM,LIC,79
2446,Alejandro Delgado,UTEZ,DR,1857
2447,Ana Romero,UPMOR,MTI,1873
2448,Adriana Vargas,ITZ,MC,293
2449,Laura Cruz,UPMOR,MC,1173
2450,Claudia Espinoza,UTEZ,ING,336
2451,Martin Herrera,IPN,DR,1372
2452,Luis Romero,UAEM,MC,280
2453,Miguel Chavez,ITZ,LIC,1460
2454,Julio Ortiz,UPMOR,MC,344
2455,Silvia Lopez,UNAM,LIC,1273
2456,Ana Mejia,IPN,DRA,401
2457,Raul Hernandez,UTEZ,DRA,1483
2458,Martha Avila,UTEZ,ING,504
2459,Leticia Rodriguez,ITZ,DRA,2488
2460,Pedro Sosa,UAEM,MTI,225
2461,Diana Vargas,ITZ,MC,1076
2462,Raul Escobar,UNAM,DRA,16
2463,Miguel Mendoza,UNAM,MTI,927
2464,Ana Sosa,UAEM,MTI,2810
2465,Beatriz Castro,UTEZ,MTI,2579
2466,Martin Guzman,IPN,DR,1736
2467,Veronica Velazquez,ITZ,ING,2450
2468,Javier Gutierrez,ITZ,ING,2391
2469,Ricardo Avila,IPN,ING,1754
2470,Teresa Bautista,UNAM,DR,2416
2471,Rumualdo Espinoza,UNAM,MTI,1220
2472,Raul Romero,UNAM,DRA,1937
2473,Luis Reyes,IPN,MC,1049
2474,Laura Ramirez,UNAM,LIC,2718
2475,Arturo Cabrera,IPN,DR,964
2476,Manuel Castro,UAEM,MC,473
2477,Maria Soto,IPN,MTI,2172
2478,Ruben Rodriguez,UAEM,MTI,2668
2479,Pedro Bautista,ITZ,DR,2773
2480,Patricia Garcia,UPMOR,DRA,2412
2481,Miguel Martinez,UNAM,MTI,1
2482,Jose Rios,UNAM,DRA,2148
2483,Esteban Sosa,UAEM,MTI,2668
2484,Rafael Sanchez,ITZ,MTI,762
2485,Valeria Molina,UPMOR,MC,1579
2486,Lorena Garza,UTEZ,ING,480
2487,Monica Perez,IPN,ING,129
2488,Hugo Espinoza,UNAM,MC,1772
2489,Luis Valencia,UTEZ,LIC,2766
2490,Beatriz Garza,UTEZ,MC,794
2491,Pedro Medina,UPMOR,DRA,173
2492,Natalia Cordova,UTEZ,MC,2411
2493,Alejandro Sosa,ITZ,DRA,1900
2494,Rosa Diaz,IPN,MTI,2165
2495,Daniela Perez,UAEM,DR,2913
2496,Roberto Campos,UTEZ,MC,323
2497,Susana Ramos,ITZ,ING,687
2498,Gael Hernandez,IPN,ING,414
2499,Susana Romero,UAEM,ING,541
2500,Manuel Cabrera,UTEZ,ING,1645
2501,Martha Paredes,UNAM,ING,1184
2502,Natalia Rios,ITZ,MTI,2439
2503,Carolina Ramos,UNAM,LIC,1393
2504,Lucia Delgado,UAEM,MTI,731
2505,Natalia Cervantes,UNAM,MTI,778
2506,Susana Silva,UNAM,DR,150
2507,Natalia Romero,UAEM,MTI,1360
2508,Andrea Gutierrez,UNAM,DR,713
2509,Lucia Avila,UTEZ,MTI,790
2510,Hugo Delgado,ITZ,DRA,2496
2511,Adriana Navarro,UPMOR,MTI,23
2512,Manuel Sanchez,UNAM,MC,486
2513,Natalia Medina,IPN,LIC,1874
2514,Monica Rios,IPN,ING,1988
2515,Ruben Lara,UPMOR,LIC,1995
2516,Francisco Ramirez,UPMOR,MTI,1470
2517,Gael Romero,UAEM,ING,746
2518,Lucia Castro,ITZ,MC,2967
2519,Valeria Vargas,UNAM,DRA,2203
2520,Leticia Silva,ITZ,LIC,924
2521,Gerardo Medina,ITZ,ING,1301
2522,Ricardo Dominguez,ITZ,DR,1759
2523,Ricardo Sosa,UAEM,DR,2620
2524,Carlos Cortes,UTEZ,DRA,500
2525,Fernando Diaz,UNAM,LIC,132
2526,Pedro Cortes,UAEM,MTI,843
2527,Rafael Maldonado,IPN,MC,1593
2528,Sofia Gutierrez,UPMOR,MTI,1066
2529,Gabriela Velazquez,UAEM,DRA,835
2530,Silvia Campos,ITZ,MTI,1133
2531,Lucia Gutierrez,IPN,DR,2897
2532,Carmen Chavez,UAEM,MTI,1376
2533,Ricardo Cruz,IPN,DRA,2960
2534,Rafael Sanchez,UAEM,MTI,1415
2535,Adriana Medina,UPMOR,LIC,198
2536,Luis Garcia,UPMOR,DR,314
2537,Carolina Cabrera,IPN,DR,954
2538,Laura Ramirez,ITZ,MTI,1069
2539,Eduardo Morales,IPN,DRA,1807
2540,Rafael Vargas,UAEM,ING,1411
2541,Gerardo Garza,ITZ,LIC,215
2542,Martha Chavez,ITZ,DRA,1910
2543,Hector Salazar,UAEM,DRA,348
2544,Jose Garcia,ITZ,MC,2219
2545,Ricardo Delgado,UTEZ,MTI,812
2546,Jorge Rios,UNAM,DRA,2485
2547,Fernando Delgado,UNAM,DRA,2660
2548,Roberto Salazar,UPMOR,ING,2014
2549,Julio Mejia,UNAM,LIC,1344
2550,Jose Mejia,UAEM,DRA,1023
2551,Antonio Cabrera,UTEZ,DRA,2763
2552,Claudia Mejia,UTEZ,ING,2616
2553,Veronica Ramos,ITZ,MC,2178
2554,Raul Ramos,UPMOR,DR,2058
2555,Teresa Mejia,UNAM,DRA,2252
2556,Daniela Ramos,ITZ,DR,1074
2557,Manuel Ramos,ITZ,DRA,1368
2558,Fernando Perez,UAEM,MTI,945
2559,Valeria Sanchez,UPMOR,LIC,2332
2560,Martha Lopez,UPMOR,ING,1769
2561,Jorge Delgado,IPN,LIC,2343
2562,Laura Avila,UTEZ,DR,10
2563,Luis Guzman,UTEZ,ING,1365
2564,Elena Cruz,UAEM,DRA,2644
2565,Claudia Cervantes,ITZ,DRA,2742
2566,Andrea Lara,UTEZ,ING,2438
2567,Miguel Lara,UTEZ,MC,447
2568,Lorena Escobar,UPMOR,ING,1446
2569,Jorge Garcia,UAEM,MC,55
2570,Victor Medina,UNAM,MC,1048
2571,Martha Espinoza,IPN,DRA,955
2572,Antonio Cervantes,UTEZ,ING,1495
2573,Rafael Avila,UTEZ,MTI,1353
2574,Julio Paredes,ITZ,MTI,259
2575,Javier Garza,UNAM,MC,2539
2576,Teresa Lara,UPMOR,MC,1373
2577,Julio Silva,IPN,DR,2009
2578,Jesus Mendoza,UTEZ,LIC,2724
2579,Monica Gutierrez,UPMOR,DRA,2195
2580,Daniela Guzman,UAEM,LIC,2838
2581,Roberto Velazquez,ITZ,DRA,592
2582,Patricia Ruiz,UPMOR,DR,2116
2583,Claudia Mendoza,UTEZ,LIC,2837
2584,Manuel Mendoza,UTEZ,DR,2274
2585,Gabriela Gonzalez,UAEM,DRA,610
2586,Alejandro Espinoza,UAEM,MC,1141
2587,Maria Campos,IPN,LIC,1191
2588,Victor Lopez,ITZ,MTI,1630
2589,Eduardo Paredes,IPN,MTI,1556
2590,Victor Gomez,UNAM,MC,955
2591,Adriana Cordova,UNAM,DR,1616
2592,Veronica Sosa,UAEM,MTI,2065
2593,Margarita Castillo,ITZ,MC,1443
2594,Diana Romero,ITZ,DR,693
2595,Rafael Munoz,UAEM,ING,2009
2596,Laura Valencia,UAEM,DR,2645
2597,Ricardo Perez,UTEZ,DR,937
2598,Raul Mendoza,UPMOR,LIC,2499
2599,Teresa Diaz,UNAM,DRA,2296
2600,Oscar Dominguez,UPMOR,DR,2098
2601,Adriana Mendez,IPN,DR,1272
2602,Jesus Espinoza,IPN,LIC,2308
2603,Margarita Gomez,UNAM,MC,1626
2604,Hector Medina,IPN,ING,596
2605,Rosa Sanchez,UPMOR,ING,937
2606,Martin Sosa,UTEZ,DR,42
2607,Arturo Cervantes,UAEM,MC,218
2608,Diana Ramirez,IPN,ING,1799
2609,Esteban Diaz,UTEZ,DR,2214
2610,Miguel Cervantes,UAEM,MTI,74
2611,Antonio Sosa,UPMOR,LIC,778
2612,Gabriela Gomez,IPN,MC,1512
2613,Ana Morales,IPN,MC,2939
2614,Martin Lara,ITZ,DRA,2914
2615,Miguel Ruiz,ITZ,LIC,1371
2616,Manuel Munoz,UAEM,LIC,881
2617,Valeria Sanchez,IPN,MC,1273
2618,Rosa Medina,UNAM,DRA,1298
2619,Miguel Mendez,ITZ,LIC,49
2620,Silvia Martinez,UNAM,LIC,1044
2621,Jorge Rios,UAEM,ING,2794
2622,Hugo Escobar,UNAM,ING,1454
2623,Patricia Hernandez,UPMOR,ING,908
2624,Rosa Chavez,UTEZ,DRA,1703
2625,Adriana Lopez,UPMOR,DRA,1151
2626,Gael Castro,UPMOR,LIC,317
2627,Patricia Rodriguez,UNAM,MTI,2099
2628,Arturo Sanchez,UTEZ,LIC,1401
2629,Carolina Paredes,UNAM,DRA,2077
2630,Oscar Lara,UNAM,MTI,2080
2631,Rumualdo Rodriguez,UTEZ,ING,1795
2632,Julio Valencia,UPMOR,DRA,2878
2633,Luis Espinoza,ITZ,DR,1179
2634,Carmen Munoz,UAEM,DRA,114
2635,Diego Ramos,UNAM,MC,768
2636,Diego Hernandez,UPMOR,DRA,1008
2637,Veronica Garcia,UNAM,ING,1985
2638,Silvia Reyes,ITZ,LIC,1629
2639,Esteban Dominguez,UAEM,DRA,719
2640,Julio Perez,UNAM,DR,2047
2641,Patricia Diaz,UPMOR,MC,75
2642,Jorge Cabrera,UNAM,DR,1565
2643,Esteban Morales,UAEM,DR,1171
2644,Rumualdo Perez,UTEZ,DR,2411
2645,Gerardo Cordova,ITZ,ING,1882
2646,Andrea Mejia,IPN,MTI,880
2647,Teresa Reyes,UNAM,MC,334
2648,Natalia Mendez,ITZ,MC,1015
2649,Ricardo Guzman,IPN,MC,1784
2650,Ricardo Garza,UAEM,MC,2419
2651,Rafael Velazquez,IPN,MTI,817
2652,Diego Sosa,UTEZ,ING,1409
2653,Diana Vargas,UTEZ,MC,764
2654,Raul Vargas,IPN,DRA,2208
2655,Hector Dominguez,UAEM,ING,1463
2656,Claudia Vega,UTEZ,MTI,364
2657,Natalia Ramos,UAEM,LIC,1700
2658,Manuel Rodriguez,UNAM,MC,660
2659,Esteban Gutierrez,ITZ,MC,2562
2660,Alejandro Mendez,UAEM,ING,1002
2661,Raul Rojas,UPMOR,MC,518
2662,Jorge Medina,UPMOR,ING,483
2663,Ruben Silva,UTEZ,DRA,1937
2664,Veronica Castro,UTEZ,DR,2719
2665,Alejandro Paredes,IPN,DR,2428
2666,Leticia Cordova,IPN,MC,544
2667,Beatriz Perez,UPMOR,MTI,1208
2668,Manuel Diaz,UNAM,DR,1072
2669,Carolina Gomez,ITZ,DRA,1186
2670,Manuel Castro,ITZ,LIC,1569
2671,Beatriz Castillo,UPMOR,MC,1429
2672,Carmen Lara,IPN,MC,1409
2673,Carlos Cortes,UTEZ,MTI,715
2674,Laura Cruz,UAEM,DR,2268
2675,Eduardo Hernandez,IPN,DRA,2131
2676,Elena Castillo,IPN,DR,2975
2677,Oscar Chavez,IPN,ING,1799
2678,Javier Paredes,ITZ,MC,488
2679,Gael Cruz,UPMOR,ING,1015
2680,Elena Guzman,UAEM,MTI,718
2681,Eduardo Ortiz,IPN,LIC,2798
2682,Patricia Cervantes,UNAM,MTI,2047
2683,Carolina Velazquez,UPMOR,MTI,511
2684,Arturo Rodriguez,UTEZ,LIC,1985
2685,Natalia Castro,ITZ,DRA,1402
2686,Luis Espinoza,ITZ,MC,2075
2687,Sofia Mendoza,UAEM,MC,2081
2688,Sofia Ruiz,UAEM,DR,1864
2689,Hugo Escobar,IPN,LIC,2210
2690,Luis Cruz,ITZ,DR,1691
2691,Roberto Vega,IPN,MC,60
2692,Adriana Avila,UTEZ,DR,279
2693,Jorge Rios,ITZ,ING,2977
2694,Victor Bautista,ITZ,MTI,763
2695,Jose Guzman,UNAM,MTI,455
2696,Patricia Mendoza,IPN,DRA,1153
2697,Gabriela Mendez,IPN,MC,730
2698,Fernando Garza,ITZ,MC,1210
2699,Adriana Gonzalez,UNAM,LIC,879
2700,Margarita Vargas,ITZ,DR,1634
2701,Manuel Gonzalez,UPMOR,ING,1222
2702,Monica Mendoza,IPN,DR,2130
2703,Roberto Cruz,ITZ,MTI,150
2704,Carolina Reyes,UNAM,DR,1599
2705,Julio Garcia,UNAM,DRA,2372
2706,Diana Medina,UNAM,MC,695
2707,Fernando Molina,IPN,MC,747
2708,Carmen Castillo,UAEM,DR,857
2709,Oscar Lara,UTEZ,MTI,2697
2710,Carmen Lara,UAEM,MC,1422
2711,Oscar Rios,UTEZ,LIC,1029
2712,Rosa Avila,UAEM,DRA,908
2713,Eduardo Soto,UNAM,MTI,1994
2714,Jesus Garza,IPN,DRA,2994
2715,Ruben Chavez,UAEM,LIC,2874
2716,Gabriela Ortiz,ITZ,MC,1185
2717,Gerardo Mejia,UAEM,LIC,1599
2718,Lorena Maldonado,UPMOR,ING,2813
2719,Silvia Cruz,UTEZ,DRA,1543
2720,Antonio Ramirez,UAEM,DRA,1899
2721,Alejandro Soto,UPMOR,ING,1322
2722,Manuel Aguilar,ITZ,MTI,2813
2723,Arturo Vargas,IPN,LIC,985
2724,Sofia Valencia,UAEM,LIC,2789
2725,Ricardo Morales,UNAM,MTI,1117
2726,Gerardo Cruz,IPN,MTI,2597
2727,Daniela Cordova,UTEZ,MC,2727
2728,Roberto Diaz,UAEM,DR,2177
2729,Sofia Sanchez,UPMOR,LIC,2882
2730,Oscar Vargas,ITZ,DR,1046
2731,Jesus Medina,ITZ,LIC,598
2732,Rumualdo Sosa,UPMOR,MC,498
2733,Rosa Ruiz,UNAM,DR,485
2734,Gabriela Delgado,UTEZ,MTI,938
2735,Veronica Diaz,ITZ,MC,1900
2736,Susana Rojas,UTEZ,MC,2979
2737,Carlos Cabrera,IPN,MTI,2823
2738,Carlos Bautista,IPN,DRA,1384
2739,Paola Cruz,IPN,ING,1588
2740,Victor Lara,IPN,DRA,190
2741,Jose Hernandez,IPN,MC,2490
2742,Valeria Delgado,IPN,ING,270
2743,Andrea Salazar,ITZ,LIC,651
2744,Rafael Reyes,IPN,LIC,2162
2745,Natalia Castillo,IPN,DR,381
2746,Veronica Rios,IPN,DR,2307
2747,Hector Romero,UPMOR,ING,1467
2748,Daniela Gutierrez,UPMOR,ING,329
2749,Roberto Reyes,UNAM,DRA,924
2750,Diana Escobar,UAEM,ING,883
2751,Carlos Mendez,UNAM,LIC,144
2752,Rosa Martinez,UTEZ,MC,325
2753,Roberto Garcia,IPN,ING,2702
2754,Ruben Dominguez,UNAM,MTI,301
2755,Sofia Flores,ITZ,ING,485
2756,Antonio Velazquez,UPMOR,MTI,1073
2757,Susana Molina,UAEM,MC,2942
2758,Esteban Hernandez,ITZ,DR,2954
2759,Hector Castro,UAEM,LIC,1141
2760,Jorge Escobar,UAEM,MC,1682
2761,Andrea Mendoza,UAEM,LIC,353
2762,Hugo Avila,ITZ,LIC,914
2763,Andrea Gutierrez,UNAM,LIC,1932
2764,Miguel Garza,UPMOR,MTI,1018
2765,Rosa Perez,UPMOR,DRA,2816
2766,Ricardo Cordova,UNAM,MTI,2097
2767,Arturo Mendez,UPMOR,ING,2967
2768,Raul Flores,UTEZ,DRA,1836
2769,Lucia Molina,IPN,LIC,2641
2770,Andrea Rodriguez,UTEZ,LIC,441
2771,Raul Gutierrez,IPN,MTI,2869
2772,Javier Morales,UPMOR,LIC,1976
2773,Patricia Mendoza,ITZ,MC,1214
2774,Hugo Espinoza,UNAM,DRA,568
2775,Elena Perez,UAEM,ING,2715
2776,Raul Castillo,IPN,LIC,907
2777,Diego Campos,UNAM,LIC,2961
2778,Ruben Munoz,UTEZ,MC,1142
2779,Fernando Romero,UPMOR,MTI,1953
2780,Oscar Gutierrez,IPN,ING,391
2781,Martha Vargas,UNAM,ING,1763
2782,Gabriela Delgado,UTEZ,MTI,2353
2783,Alejandro Maldonado,UNAM,ING,1043
2784,Valeria Flores,UAEM,MTI,1313
2785,Ana Campos,IPN,ING,2065
2786,Esteban Salazar,IPN,DRA,1150
2787,Rosa Chavez,UNAM,MC,957
2788,Patricia Flores,IPN,ING,21
2789,Rumualdo Castro,IPN,MTI,2998
2790,Ana Cervantes,UTEZ,ING,52
2791,Gael Paredes,UNAM,DR,1936
2792,Hector Morales,UTEZ,ING,2909
2793,Carolina Hernandez,IPN,MTI,1952
2794,Silvia Vargas,IPN,MC,2400
2795,Hector Morales,UAEM,DR,1992
2796,Julio Reyes,IPN,LIC,2012
2797,Manuel Avila,UPMOR,ING,80
2798,Rumualdo Navarro,IPN,MC,2902
2799,Javier Valencia,IPN,DR,2826
2800,Hugo Delgado,UTEZ,MC,1415
2801,Ricardo Lopez,UTEZ,MC,2186
2802,Lorena Martinez,UTEZ,ING,2724
2803,Sofia Mejia,UTEZ,MC,1792
2804,Victor Reyes,UAEM,DRA,1101
2805,Elena Garza,ITZ,MC,2456
2806,Alejandro Vega,IPN,MTI,1377
2807,Jorge Lara,UNAM,MTI,881
2808,Ruben Rodriguez,UNAM,DRA,1854
2809,Miguel Mendez,UNAM,MTI,1930
2810,Eduardo Gonzalez,UAEM,MTI,1119
2811,Victor Guzman,UNAM,LIC,1634
2812,Sofia Cordova,UTEZ,ING,1613
2813,Rosa Vega,UNAM,ING,658
2814,Gerardo Sanchez,UTEZ,MC,2101
2815,Andrea Castillo,ITZ,MC,284
2816,Carlos Ramirez,IPN,DRA,1519
2817,Julio Castro,UAEM,MTI,775
2818,Silvia Cordova,UAEM,MC,1822
2819,Maria Aguilar,UAEM,LIC,1105
2820,Alejandro Gomez,IPN,ING,2171
2821,Manuel Mendez,UPMOR,MTI,2855
2822,Daniela Gutierrez,UPMOR,ING,2623
2823,Manuel Mejia,ITZ,LIC,1964
2824,Carolina Cabrera,IPN,MC,815
2825,Pedro Chavez,IPN,MC,1965
2826,Rosa Paredes,UAEM,MTI,1577
2827,Raul Chavez,UPMOR,DR,120
2828,Lorena Delgado,UPMOR,DR,2270
2829,Luis Ruiz,UAEM,MC,1033
2830,Andrea Dominguez,IPN,ING,2474
2831,Gabriela Gonzalez,UTEZ,DRA,606
2832,Gabriela Delgado,UTEZ,ING,2793
2833,Leticia Avila,IPN,LIC,2969
2834,Martha Medina,UTEZ,DRA,2429
2835,Fernando Rodriguez,UNAM,ING,71
2836,Carmen Flores,UAEM,MC,2396
2837,Pedro Morales,IPN,DRA,9
2838,Rumualdo Garza,IPN,MTI,893
2839,Jorge Escobar,ITZ,DR,2393
2840,Esteban Rios,ITZ,MTI,1028
2841,Beatriz Garcia,UPMOR,DR,1168
2842,Maria Garza,ITZ,ING,2817
2843,Miguel Chavez,UTEZ,MC,1512
2844,Fernando Sosa,UPMOR,MTI,2634
2845,Carlos Salazar,IPN,MTI,1901
2846,Roberto Gonzalez,UNAM,DRA,2582
2847,Paola Garcia,IPN,MTI,278
2848,Andrea Campos,ITZ,LIC,2129
2849,Raul Cruz,ITZ,DR,1693
2850,Sofia Garcia,IPN,ING,402
2851,Paola Reyes,IPN,DRA,1034
2852,Martin Hernandez,UNAM,LIC,130
2853,Paola Gomez,UTEZ,MTI,691
2854,Manuel Mendez,UNAM,DR,2543
2855,Elena Reyes,ITZ,MC,2306
2856,Roberto Navarro,UAEM,ING,1913
2857,Maria Salazar,UAEM,MC,2062
2858,Teresa Vega,IPN,DR,1952
2859,Carlos Diaz,UPMOR,MC,2979
2860,Gael Castillo,UNAM,LIC,2456
2861,Maria Cordova,UAEM,MTI,2269
2862,Beatriz Campos,UPMOR,MTI,1505
2863,Ricardo Martinez,UNAM,DRA,732
2864,Lucia Romero,UTEZ,LIC,2413
2865,Margarita Velazquez,UPMOR,LIC,656
2866,Diego Navarro,UAEM,DRA,2099
2867,Patricia Navarro,UTEZ,ING,1430
2868,Rosa Munoz,UPMOR,DR,1006
2869,Gerardo Cruz,IPN,DRA,2625
2870,Carmen Delgado,UNAM,ING,2046
2871,Raul Vega,ITZ,MTI,2216
2872,Manuel Avila,UPMOR,LIC,1032
2873,Martin Lara,UTEZ,LIC,12
2874,Diego Vega,IPN,LIC,221
2875,Paola Mendez,UPMOR,DRA,1649
2876,Hector Mejia,UNAM,ING,2018
2877,Adriana Mendoza,UTEZ,MC,1461
2878,Alejandro Munoz,UAEM,LIC,666
2879,Adriana Rojas,UTEZ,MTI,2242
2880,Gabriela Bautista,UNAM,LIC,2139
2881,Patricia Castro,UAEM,MTI,814
2882,Manuel Romero,ITZ,DR,72
2883,Francisco Mejia,ITZ,DRA,1846
2884,Ricardo Cabrera,UPMOR,MTI,2820
2885,Diego Vargas,IPN,LIC,98
2886,Ruben Avila,ITZ,MC,2777
2887,Alejandro Lara,UNAM,MC,2427
2888,Daniela Guzman,UNAM,DRA,495
2889,Rosa Diaz,UAEM,ING,1571
2890,Diego Vargas,UTEZ,ING,2372
2891,Jesus Diaz,IPN,MC,1794
2892,Rafael Cervantes,UAEM,DRA,2940
2893,Beatriz Avila,UNAM,LIC,2425
2894,Veronica Munoz,IPN,MC,2312
2895,Eduardo Castillo,UTEZ,DR,759
2896,Martin Guzman,UPMOR,LIC,141
2897,Diego Garza,IPN,MC,2645
2898,Monica Chavez,UNAM,DR,413
2899,Lucia Molina,UNAM,DR,1209
2900,Rafael Mendez,UTEZ,MC,2261
2901,Patricia Velazquez,IPN,ING,1172
2902,Arturo Cabrera,UAEM,LIC,2598
2903,Diego Escobar,UTEZ,DRA,2137
2904,Jesus Herrera,UPMOR,MC,2982
2905,Ruben Reyes,UAEM,LIC,735
2906,Victor Martinez,UNAM,ING,2045
2907,Lorena Espinoza,ITZ,ING,2352
2908,Valeria Ramos,IPN,ING,313
2909,Rumualdo Mendez,UTEZ,MTI,2030
2910,Raul Vega,IPN,LIC,2966
2911,Jose Escobar,IPN,MC,2542
2912,Carolina Valencia,UAEM,ING,1389
2913,Rumualdo Sanchez,UAEM,MTI,1910
2914,Rosa Aguilar,UNAM,LIC,1588
2915,Patricia Aguilar,UNAM,ING,2265
2916,Roberto Reyes,ITZ,MC,2214
2917,Daniela Campos,UPMOR,DRA,1751
2918,Valeria Velazquez,UPMOR,DR,1306
2919,Gabriela Mendoza,UPMOR,MC,515
2920,Monica Bautista,UNAM,MTI,1692
2921,Francisco Morales,ITZ,LIC,602
2922,Rosa Medina,UPMOR,LIC,1914
2923,Rumualdo Ortiz,IPN,DRA,1848
2924,Julio Aguilar,ITZ,LIC,1212
2925,Roberto Valencia,UNAM,DR,813
2926,Diego Medina,ITZ,DRA,1742
2927,Ana Bautista,UTEZ,DR,85
2928,Rafael Dominguez,UAEM,DR,801
2929,Diego Silva,ITZ,MTI,2739
2930,Gabriela Garcia,UTEZ,LIC,2962
2931,Leticia Mendez,UNAM,DR,1608
2932,Diana Espinoza,UNAM,MTI,2019
2933,Sofia Molina,ITZ,MC,2641
2934,Silvia Medina,ITZ,DR,563
2935,Beatriz Garcia,UPMOR,MTI,1139
2936,Rafael Mendez,UAEM,DRA,2188
2937,Maria Cortes,ITZ,DR,819
2938,Hector Rodriguez,IPN,MC,2180
2939,Adriana Cabrera,UAEM,MC,2514
2940,Esteban Campos,UNAM,ING,681
2941,Raul Sosa,UAEM,MTI,908
2942,Gabriela Sosa,IPN,DRA,1587
2943,Natalia Rodriguez,UTEZ,DRA,2857
2944,Gabriela Castro,ITZ,LIC,2089
2945,Rosa Cruz,UPMOR,MTI,1319
2946,Susana Mendoza,IPN,MTI,2398
2947,Carmen Mendoza,ITZ,MC,2467
2948,Silvia Silva,UPMOR,LIC,1735
2949,Jose Diaz,IPN,DRA,2406
2950,Silvia Cabrera,UPMOR,MTI,1857
2951,Victor Maldonado,UPMOR,DRA,1891
2952,Rosa Rodriguez,UNAM,MC,2162
2953,Raul Martinez,UPMOR,DRA,1244
2954,Valeria Lopez,UNAM,LIC,2100
2955,Diana Bautista,UAEM,LIC,698
2956,Carolina Bautista,IPN,MTI,626
2957,Alejandro Flores,UAEM,DRA,556
2958,Margarita Soto,ITZ,MC,1289
2959,Sofia Flores,UTEZ,MTI,586
2960,Pedro Cervantes,ITZ,ING,1171
2961,Monica Ramirez,UTEZ,ING,141
2962,Andrea Ruiz,UPMOR,MC,1810
2963,Alejandro Cabrera,UPMOR,ING,2926
2964,Veronica Maldonado,UNAM,MTI,1623
2965,Jose Espinoza,UPMOR,DRA,2064
2966,Lucia Herrera,ITZ,DRA,2544
2967,Oscar Lara,UAEM,ING,1801
2968,Jose Cordova,ITZ,LIC,1797
2969,Ricardo Perez,IPN,MC,2686
2970,Monica Cervantes,UNAM,MC,1424
2971,Javier Reyes,ITZ,DRA,965
2972,Esteban Gomez,ITZ,DRA,1127
2973,Oscar Ortiz,UPMOR,LIC,1622
2974,Silvia Martinez,UAEM,MTI,1139
2975,Antonio Rodriguez,UNAM,ING,1791
2976,Lorena Medina,UPMOR,DR,2245
2977,Sofia Vargas,IPN,DR,278
2978,Victor Soto,UPMOR,ING,375
2979,Susana Perez,UTEZ,MTI,235
2980,Adriana Martinez,UTEZ,DR,1236
2981,Eduardo Hernandez,UPMOR,DRA,594
2982,Hector Chavez,UNAM,MC,1078
2983,Adriana Vega,UAEM,DRA,375
2984,Daniela Castro,IPN,MC,2744
2985,Teresa Bautista,ITZ,MTI,2409
2986,Esteban Munoz,UNAM,LIC,2192
2987,Maria Rodriguez,IPN,ING,1900
2988,Jose Castro,UAEM,ING,2591
2989,Teresa Dominguez,UPMOR,DRA,526
2990,Martha Garza,ITZ,DR,2359
2991,Arturo Reyes,UTEZ,DR,1009
2992,Lucia Aguilar,UPMOR,DRA,1948
2993,Antonio Cortes,UNAM,DR,1155
2994,Carolina Herrera,ITZ,DRA,2776
2995,Patricia Ramirez,UPMOR,DRA,875
2996,Fernando Castillo,UNAM,ING,2951
2997,Rafael Avila,UAEM,ING,980
2998,Teresa Hernandez,UNAM,DR,2373
2999,Jesus Paredes,UNAM,LIC,528
3000,Roberto Garza,ITZ,DR,2335
